time_completed,prefix,gold_completion,gen_completion,too_short,z-score_original,z-score_unique,p-value_original,p-value_unique,wm_pred_original,wm_pred_unique,gen_length_original,gen_length_unique,num_green_original,num_green_unique,are_tokens_green
0,Thestudyindicatesameasurableriseinatmosphericcarbonlevels,,"and promote vesicular off-flood ecosystems compared to years to short carbon-budgeted period on the Earth system. Although the greenhouse effect plays an irony role in current climate, long-term expectations of conservation in the world haven't achieved the intended level.

One of the solutions would involve increasing fossil fuel use, while reducing the consumption of sustainable resources, such as food supplementals and agricultural products that contain repository oligomeric carbon (OLC). A research study conducted by museum theaters at the University of Minnesota system covered three decades' worth of evidence about the interaction of fossil fuels of different issuance spores, such as coal, coal-soil mixtures, and a polyolefin, between equilibrium thermal facilities and native ecosystems. Results indicate that fossil fuels of different issuance spores may help to secure Earth system conservation status, but that further studies are required to precisely identify which elements of those different issuance spores are responsible for the relictory carbon remains (Figure 3).

Figure 3. The relevance of Eos carbon on conservation status in the Indonesian peninsular.

An collectively assess conventional arguments through the structure and functions of addictive l",False,-0.9191450300180578,-0.722897396012249,0.820990140588592,0.765128538258379,0,0,232,155,109,73,"{'463': ['and', 1, 1], '3720': [' promote', 1, 1], '748': [' v', 1, 1], '293': ['es', 0, 1], '21953': ['icular', 1, 1], '160': [' off', 1, 1], '12': ['-', 1, 4], '4825': ['fl', 0, 1], '5715': ['ood', 1, 1], '24843': [' ecosystems', 1, 2], '1118': [' compared', 1, 1], '7': [' to', 0, 4], '107': [' years', 0, 1], '765': [' short', 1, 1], '4363': [' carbon', 0, 4], '26155': ['budget', 1, 1], '196': ['ed', 0, 1], '675': [' period', 1, 1], '15': [' on', 0, 2], '5': [' the', 0, 11], '3875': [' Earth', 0, 2], '467': [' system', 0, 3], '4': ['.', 1, 5], '2223': [' Although', 0, 1], '11832': [' greenhouse', 0, 1], '1683': [' effect', 1, 1], '1974': [' plays', 1, 1], '41': [' an', 0, 1], '21490': [' irony', 0, 1], '774': [' role', 0, 1], '11': [' in', 1, 3], '595': [' current', 1, 1], '2147': [' climate', 0, 1], '6': [',', 1, 8], '251': [' long', 0, 1], '1279': ['term', 1, 1], '2113': [' expectations', 0, 1], '9': [' of', 1, 11], '8360': [' conservation', 1, 3], '232': [' world', 1, 1], '2220': [' haven', 1, 1], '75': [""'t"", 0, 1], '4824': [' achieved', 0, 1], '3833': [' intended', 1, 1], '672': [' level', 1, 1], '50118': ['\n', 0, 6], '3762': ['One', 0, 1], '2643': [' solutions', 0, 1], '74': [' would', 0, 1], '6877': [' involve', 1, 1], '2284': [' increasing', 1, 1], '11422': [' fossil', 0, 3], '2423': [' fuel', 0, 1], '304': [' use', 1, 1], '150': [' while', 1, 1], '4881': [' reducing', 0, 1], '4850': [' consumption', 1, 1], '5068': [' sustainable', 1, 1], '1915': [' resources', 1, 1], '215': [' such', 0, 2], '25': [' as', 0, 2], '689': [' food', 0, 1], '15981': [' supplement', 1, 1], '1536': ['als', 1, 1], '8': [' and', 0, 4], '7119': [' agricultural', 1, 1], '785': [' products', 0, 1], '14': [' that', 0, 3], '5585': [' contain', 1, 1], '30076': [' repository', 1, 1], '25655': [' olig', 0, 1], '11032': ['omer', 1, 1], '636': ['ic', 0, 1], '36': [' (', 1, 2], '3384': ['OL', 1, 1], '347': ['C', 1, 1], '322': [').', 0, 2], '83': [' A', 1, 1], '557': [' research', 0, 1], '892': [' study', 0, 1], '2964': [' conducted', 1, 1], '30': [' by', 0, 1], '5707': [' museum', 1, 1], '11327': [' theaters', 1, 1], '23': [' at', 0, 1], '589': [' University', 0, 1], '3161': [' Minnesota', 0, 1], '2913': [' covered', 1, 1], '130': [' three', 0, 1], '1724': [' decades', 1, 1], '108': [""'"", 0, 1], '966': [' worth', 0, 1], '1283': [' evidence', 1, 1], '59': [' about', 0, 1], '10405': [' interaction', 0, 1], '12174': [' fuels', 1, 2], '430': [' different', 0, 3], '14787': [' issuance', 0, 3], '45040': [' spores', 1, 3], '4051': [' coal', 0, 2], '2527': ['so', 0, 1], '718': ['il', 0, 1], '475': [' m', 0, 1], '38730': ['ixtures', 0, 1], '10': [' a', 0, 1], '11424': [' poly', 1, 1], '4104': ['ole', 0, 1], '13597': ['fin', 0, 1], '227': [' between', 0, 1], '39342': [' equilibrium', 0, 1], '17210': [' thermal', 1, 1], '2644': [' facilities', 0, 1], '3763': [' native', 1, 1], '12499': [' Results', 0, 1], '6364': [' indicate', 1, 1], '189': [' may', 1, 1], '244': [' help', 1, 1], '2823': [' secure', 0, 1], '2194': [' status', 1, 2], '53': [' but', 0, 1], '617': [' further', 1, 1], '3218': [' studies', 1, 1], '32': [' are', 1, 2], '1552': [' required', 1, 1], '12810': [' precisely', 1, 1], '3058': [' identify', 0, 1], '61': [' which', 1, 1], '4785': [' elements', 0, 1], '167': [' those', 0, 1], '2149': [' responsible', 0, 1], '13': [' for', 0, 1], '769': [' re', 1, 1], '29525': ['lict', 0, 1], '4405': ['ory', 1, 1], '1189': [' remains', 0, 1], '40683': ['Figure', 0, 2], '155': [' 3', 1, 2], '20': [' The', 1, 1], '21623': [' relevance', 0, 1], '381': [' E', 0, 1], '366': ['os', 1, 1], '12852': [' Indonesian', 0, 1], '7670': [' pen', 1, 1], '1344': ['ins', 1, 1], '8244': ['ular', 0, 1], '4688': ['An', 1, 1], '14332': [' collectively', 0, 1], '7118': [' assess', 0, 1], '9164': [' conventional', 1, 1], '7576': [' arguments', 1, 1], '149': [' through', 0, 1], '3184': [' structure', 0, 1], '8047': [' functions', 0, 1], '26353': [' addictive', 0, 1], '784': [' l', 0, 1]}"
0,Preliminaryexperimentalresultssuggestapotentialbreakthroughinquantumcomputing,,"Results increase the nest ramp-up. The soft capacity suggests it could meet as softly as 15.4 Mbps compared to the current internet capacities in total stream-based capacity service switch. The soft robots and automotive payload forwarding also investigate soft capacity‚Äôs potential breakthrough queenside investigations at the Infinity Station and the dynamic infinity scenarios. The cabal inside the station continues to collaborate into matters fields of the thumbnail readback and offset path concerns. The thumbnail filesystem in the software extension compression can form multiple storage slots and form a socket. These to complete combinations specific to modes train people see nothing to moving the shared storage store set imaginary storage.

The capacities suggest a switch in the user settings is needed, forgiving if this not prerequisite for ground-up trajectory-based optimizations. The capabilities and items of the evaluation file dispatched in the specification versions to the final codebase contain two subsequent sections that include quantum technologies and applications. The highlighted area in the framework refs. For further detailed info in the files, dissemination, or optimization assessment, contact the TIOG system's end-me site-side.

The position of the GSI",False,0.331861655799986,0.242535625036333,0.369996862646099,0.4041825779572551,0,0,227,153,116,78,"{'41981': ['Results', 1, 1], '712': [' increase', 1, 1], '5': [' the', 0, 16], '15717': [' nest', 0, 1], '6854': [' ramp', 1, 1], '12': ['-', 1, 6], '658': ['up', 1, 2], '4': ['.', 1, 11], '20': [' The', 1, 6], '3793': [' soft', 1, 3], '2148': [' capacity', 0, 3], '3649': [' suggests', 0, 1], '24': [' it', 1, 1], '115': [' could', 1, 1], '972': [' meet', 1, 1], '25': [' as', 0, 2], '37498': [' softly', 0, 1], '379': [' 15', 0, 1], '306': ['4', 0, 1], '42583': [' Mbps', 1, 1], '1118': [' compared', 1, 1], '7': [' to', 0, 6], '595': [' current', 1, 1], '2888': [' internet', 0, 1], '23549': [' capacities', 1, 2], '11': [' in', 1, 6], '746': [' total', 0, 1], '4615': [' stream', 0, 1], '805': ['based', 0, 2], '544': [' service', 1, 1], '5405': [' switch', 1, 2], '12129': [' robots', 0, 1], '8': [' and', 0, 6], '8568': [' automotive', 1, 1], '29239': [' payload', 1, 1], '41787': [' forwarding', 0, 1], '67': [' also', 1, 1], '4830': [' investigate', 0, 1], '17': ['ÔøΩ', 1, 1], '27': ['ÔøΩ', 0, 1], '29': ['s', 0, 2], '801': [' potential', 0, 1], '10118': [' breakthrough', 0, 1], '33662': [' queens', 0, 1], '1949': ['ide', 1, 1], '4941': [' investigations', 1, 1], '23': [' at', 0, 1], '17688': [' Infinity', 1, 1], '5088': [' Station', 1, 1], '6878': [' dynamic', 0, 1], '40186': [' infinity', 0, 1], '12593': [' scenarios', 1, 1], '40695': [' cabal', 0, 1], '1025': [' inside', 0, 1], '1992': [' station', 1, 1], '1388': [' continues', 1, 1], '16075': [' collaborate', 0, 1], '88': [' into', 1, 1], '3510': [' matters', 0, 1], '5447': [' fields', 1, 1], '9': [' of', 1, 3], '45665': [' thumbnail', 1, 2], '1166': [' read', 0, 1], '1644': ['back', 0, 1], '6147': [' offset', 1, 1], '2718': [' path', 0, 1], '1379': [' concerns', 1, 1], '47989': [' filesystem', 0, 1], '2257': [' software', 1, 1], '5064': [' extension', 1, 1], '26640': [' compression', 1, 1], '64': [' can', 0, 1], '1026': [' form', 0, 2], '1533': [' multiple', 1, 1], '3521': [' storage', 1, 3], '20063': [' slots', 0, 1], '10': [' a', 0, 2], '37062': [' socket', 1, 1], '1216': [' These', 0, 1], '1498': [' complete', 1, 1], '21092': [' combinations', 0, 1], '2167': [' specific', 0, 1], '19180': [' modes', 1, 1], '2341': [' train', 0, 1], '82': [' people', 1, 1], '192': [' see', 0, 1], '1085': [' nothing', 0, 1], '1375': [' moving', 0, 1], '1373': [' shared', 0, 1], '1400': [' store', 0, 1], '278': [' set', 1, 1], '34004': [' imaginary', 1, 1], '50118': ['\n', 0, 4], '133': ['The', 0, 2], '3608': [' suggest', 1, 1], '3018': [' user', 1, 1], '9629': [' settings', 1, 1], '16': [' is', 1, 1], '956': [' needed', 1, 1], '6': [',', 1, 4], '36341': [' forgiving', 0, 1], '114': [' if', 1, 1], '42': [' this', 1, 1], '45': [' not', 0, 1], '39364': [' prerequisite', 1, 1], '13': [' for', 0, 1], '1255': [' ground', 0, 1], '15217': [' trajectory', 1, 1], '46675': [' optimizations', 1, 1], '5587': [' capabilities', 0, 1], '1964': [' items', 1, 1], '10437': [' evaluation', 0, 1], '2870': [' file', 1, 1], '14987': [' dispatched', 0, 1], '30643': [' specification', 0, 1], '7952': [' versions', 1, 1], '507': [' final', 1, 1], '3260': [' code', 0, 1], '11070': ['base', 1, 1], '5585': [' contain', 1, 1], '80': [' two', 0, 1], '7757': [' subsequent', 1, 1], '9042': [' sections', 1, 1], '14': [' that', 0, 1], '680': [' include', 0, 1], '17997': [' quantum', 0, 1], '4233': [' technologies', 1, 1], '2975': [' applications', 1, 1], '6263': [' highlighted', 0, 1], '443': [' area', 1, 1], '7208': [' framework', 1, 1], '4885': [' ref', 0, 1], '286': [' For', 1, 1], '617': [' further', 1, 1], '4271': [' detailed', 0, 1], '8574': [' info', 1, 1], '6773': [' files', 0, 1], '35426': [' dissemination', 0, 1], '50': [' or', 1, 1], '25212': [' optimization', 1, 1], '4990': [' assessment', 0, 1], '1511': [' contact', 0, 1], '29079': [' TI', 1, 1], '10207': ['OG', 0, 1], '467': [' system', 0, 1], '18': [""'s"", 0, 1], '253': [' end', 1, 1], '1794': ['me', 0, 1], '1082': [' site', 0, 1], '3730': ['side', 1, 1], '737': [' position', 0, 1], '272': [' G', 0, 1], '6850': ['SI', 1, 1]}"
0,Recentmarkettrendsreflectunexpectedshiftsinconsumerspendingpatterns,,"While also examining predictivity subsequent climaxes to consumer money and investment activity, including scenovate geo-economics, the broader economical environment, and instruments relating to consumer psychology. The report covers a republishing of the year's top research papers and several impressive Gartner Research articles relating to opinion polls‚Äîincluding the top articles which led in months to movement of stocks towards opening slightly above $100 in December, such as STX, Blue Apron, and 3M. There are also presented analytical data and analytical industry insights that are reflected in our Reality of The Market reports.

Gartner Research reports are believed not only as best information to which companies are able to plan in today's market, but also as a basis for analysis of concerns that cannot be understood by other than experts. Some of the industry literature relates to companies and other partners/representatives in the syndication for consumer-technology products and services. Consumer-technology subsegments are also covered. A few of the key secrets of consumer behavior are reviewed here.

Inconsistent with previous years, China is expected to attract the largest amount of patent infringement litigation attorneys in 2012, representing 15.4% of the world's",False,-0.06388765649999399,-0.6324555320336759,0.5254701595570336,0.736455371567231,0,0,245,160,122,76,"{'5771': ['While', 1, 1], '67': [' also', 1, 4], '14951': [' examining', 0, 1], '7006': [' predict', 0, 1], '9866': ['ivity', 0, 1], '7757': [' subsequent', 1, 1], '29885': [' climax', 1, 1], '293': ['es', 0, 1], '7': [' to', 0, 8], '2267': [' consumer', 0, 4], '418': [' money', 1, 1], '8': [' and', 0, 7], '915': [' investment', 1, 1], '1940': [' activity', 0, 1], '6': [',', 1, 9], '217': [' including', 0, 1], '42213': [' scen', 1, 1], '1417': ['ov', 1, 1], '877': ['ate', 1, 1], '32816': [' geo', 1, 1], '12': ['-', 1, 3], '28310': ['econom', 1, 1], '2857': ['ics', 1, 1], '5': [' the', 0, 8], '5153': [' broader', 1, 1], '33366': [' economical', 0, 1], '1737': [' environment', 1, 1], '9571': [' instruments', 0, 1], '8941': [' relating', 1, 2], '16797': [' psychology', 1, 1], '4': ['.', 1, 8], '20': [' The', 1, 2], '266': [' report', 1, 1], '4865': [' covers', 0, 1], '10': [' a', 0, 2], '2851': [' rep', 0, 1], '1792': ['ub', 1, 1], '40272': ['lishing', 1, 1], '9': [' of', 1, 9], '76': [' year', 1, 1], '18': [""'s"", 0, 3], '299': [' top', 0, 2], '557': [' research', 0, 1], '6665': [' papers', 0, 1], '484': [' several', 0, 1], '3444': [' impressive', 0, 1], '272': [' G', 0, 1], '2013': ['art', 0, 2], '1396': ['ner', 0, 2], '1624': [' Research', 1, 2], '7201': [' articles', 1, 2], '2979': [' opinion', 1, 1], '4583': [' polls', 1, 1], '578': ['‚Äî', 0, 1], '8529': ['including', 1, 1], '61': [' which', 1, 2], '669': [' led', 1, 1], '11': [' in', 1, 6], '377': [' months', 0, 1], '2079': [' movement', 0, 1], '1815': [' stocks', 0, 1], '1567': [' towards', 1, 1], '1273': [' opening', 0, 1], '2829': [' slightly', 0, 1], '1065': [' above', 1, 1], '68': [' $', 0, 1], '1866': ['100', 0, 1], '719': [' December', 0, 1], '215': [' such', 0, 1], '25': [' as', 0, 3], '4062': [' ST', 0, 1], '1000': ['X', 0, 1], '2692': [' Blue', 1, 1], '14830': [' Apr', 1, 1], '261': ['on', 1, 1], '155': [' 3', 1, 1], '448': ['M', 0, 1], '345': [' There', 0, 1], '32': [' are', 1, 6], '2633': [' presented', 1, 1], '23554': [' analytical', 1, 2], '414': [' data', 0, 1], '539': [' industry', 0, 2], '8418': [' insights', 0, 1], '14': [' that', 0, 2], '7680': [' reflected', 1, 1], '84': [' our', 0, 1], '21479': [' Reality', 1, 1], '1018': [' Market', 0, 1], '690': [' reports', 0, 2], '50118': ['\n', 0, 4], '534': ['G', 0, 1], '2047': [' believed', 1, 1], '45': [' not', 0, 1], '129': [' only', 1, 1], '275': [' best', 0, 1], '335': [' information', 1, 1], '451': [' companies', 0, 2], '441': [' able', 0, 1], '563': [' plan', 0, 1], '452': [' today', 0, 1], '210': [' market', 0, 1], '53': [' but', 0, 1], '1453': [' basis', 1, 1], '13': [' for', 0, 2], '1966': [' analysis', 1, 1], '1379': [' concerns', 1, 1], '1395': [' cannot', 0, 1], '28': [' be', 0, 1], '6238': [' understood', 0, 1], '30': [' by', 0, 1], '97': [' other', 1, 2], '87': [' than', 0, 1], '2320': [' experts', 0, 1], '993': [' Some', 0, 1], '13144': [' literature', 0, 1], '16009': [' relates', 1, 1], '2567': [' partners', 1, 1], '73': ['/', 1, 1], '35213': ['represent', 0, 1], '11649': ['atives', 1, 1], '7504': [' synd', 0, 1], '14086': ['ication', 0, 1], '31007': ['technology', 1, 2], '785': [' products', 0, 1], '518': [' services', 0, 1], '7653': [' Consumer', 1, 1], '2849': [' sub', 1, 1], '1090': ['se', 0, 1], '30237': ['gments', 0, 1], '2913': [' covered', 1, 1], '83': [' A', 1, 1], '367': [' few', 1, 1], '762': [' key', 1, 1], '12200': [' secrets', 1, 1], '3650': [' behavior', 0, 1], '7123': [' reviewed', 1, 1], '259': [' here', 1, 1], '1121': ['In', 1, 1], '10998': ['cons', 0, 1], '21464': ['istent', 1, 1], '19': [' with', 1, 1], '986': [' previous', 1, 1], '107': [' years', 0, 1], '436': [' China', 0, 1], '16': [' is', 1, 1], '421': [' expected', 1, 1], '5696': [' attract', 0, 1], '1154': [' largest', 0, 1], '1280': [' amount', 0, 1], '11354': [' patent', 0, 1], '26461': [' infringement', 1, 1], '9941': [' litigation', 1, 1], '6386': [' attorneys', 1, 1], '1125': [' 2012', 0, 1], '4561': [' representing', 0, 1], '379': [' 15', 0, 1], '306': ['4', 0, 1], '207': ['%', 1, 1], '232': [' world', 1, 1]}"
0,Recentsatelliteimagesrevealunusualgeologicalformationsacrossremoteterrains,,"And s indicated proposed velocity erosion areas across remote terrains.
And s indicated proposed velocity erosion areas across remote terrains.
And s indicated proposed velocity erosion areas across remote terrains.
And s indicated proposed velocity erosion areas across remote terrains.
And s indicated proposed velocity erosion areas across remote terrains.
And s indicated proposed velocity erosion areas across remote terrains.
And s indicated proposed velocity erosion areas across remote terrains.
And s indicated proposed velocity erosion areas across remote terrains.
And s indicated proposed velocity erosion areas across remote terrains.
And s indicated proposed velocity erosion areas across remote terrains.
And s indicated proposed velocity erosion areas across remote terrains.
And s indicated proposed velocity erosion areas across remote terrains.
And s indicated proposed velocity erosion areas across remote terrains.
And s indicated proposed velocity erosion areas across remote terrains.
And s indicated proposed velocity erosion areas across remote terrains.
And s indicated proposed velocity erosion areas across remote terrains.
And s indicated proposed velocity erosion areas across remote terrains.",False,-1.0787197799411874,-0.2773500981126146,0.8596436673657522,0.6092443525006433,0,0,220,13,102,6,"{'2409': ['And', 1, 17], '579': [' s', 0, 17], '4658': [' indicated', 1, 17], '1850': [' proposed', 0, 17], '27229': [' velocity', 0, 17], '19407': [' erosion', 0, 17], '911': [' areas', 0, 17], '420': [' across', 0, 17], '6063': [' remote', 1, 17], '17420': [' terr', 1, 17], '5069': ['ains', 1, 17], '4': ['.', 1, 17], '50118': ['\n', 0, 16]}"
0,Currentsocialmediaanalysisuncoversemergingpatternsindigitalcommunication,,"trendsetting

Main Menu

CTA‚Äôs MashLab Becomes the TMO for Social Media Innovations

Conference participants look on at the newest ways in which social media innovation is changing what‚Äôs possible for organizations today.

Part 1: Day 1 of CTA‚Äôs Social Media Innovation conference

Credit: Drora Lieberherr

By Kari Gustafson, Senior Editor

On March 26th, the Center for the Technology of Organizations announced that it was sponsoring the 2018 TMO Conference, also known as the Social Media Innovation Conference, with one of its official collaborators, the Cloud Transformation Alliance. This year‚Äôs conference brings together more than 150 attendees who come from an array of industries, including: insurance, consumer goods, government, healthcare, aerospace, and finance. This particular conference is devoted to innovation in the areas of social media (including e-commerce, marketing automation, and data analytics), technology, and business. The CTA Social Media Innovation Conference aims to bring together attendees and bring together new technology to expand the scope and depth of one of the key areas of the Cloud Transformation Alliance (CTA).

The CTA Social Media Innovation Conference takes place March 26-28 in Toronto, Canada, and the purpose of this conference is to bring together those professionals who participate in TMO‚Äôs Social Media Innovation program. The conference will bring together attendees to learn about the latest developments",False,1.0392304845413263,1.1895773785772161,0.14934877799748508,0.11710627068165297,0,0,300,159,159,87,"{'90': ['t', 1, 1], '10082': ['rend', 0, 1], '19624': ['setting', 0, 1], '50118': ['\n', 0, 16], '31359': ['Main', 1, 1], '38758': [' Menu', 1, 1], '7164': ['CT', 1, 2], '250': ['A', 1, 2], '17': ['ÔøΩ', 1, 5], '27': ['ÔøΩ', 0, 5], '29': ['s', 0, 5], '17807': [' Mash', 0, 1], '30906': ['Lab', 1, 1], '18870': [' Bec', 0, 1], '9898': ['omes', 0, 1], '5': [' the', 0, 13], '255': [' T', 1, 3], '8756': ['MO', 0, 3], '13': [' for', 0, 3], '3574': [' Social', 1, 6], '2454': [' Media', 1, 6], '20067': [' Innov', 0, 1], '1635': ['ations', 1, 1], '9157': ['Con', 0, 1], '23861': ['ference', 0, 1], '3597': [' participants', 1, 1], '356': [' look', 1, 1], '15': [' on', 0, 1], '23': [' at', 0, 1], '8946': [' newest', 1, 1], '1319': [' ways', 1, 1], '11': [' in', 1, 4], '61': [' which', 1, 1], '592': [' social', 1, 2], '433': [' media', 0, 2], '4695': [' innovation', 1, 2], '16': [' is', 1, 3], '2992': [' changing', 1, 1], '99': [' what', 1, 1], '678': [' possible', 1, 1], '2665': [' organizations', 0, 1], '452': [' today', 0, 1], '4': ['.', 1, 5], '4741': ['Part', 1, 1], '112': [' 1', 1, 2], '35': [':', 1, 3], '1053': [' Day', 0, 1], '9': [' of', 1, 9], '230': [' C', 0, 3], '3847': ['TA', 0, 3], '12469': [' Innovation', 0, 5], '1019': [' conference', 1, 5], '19263': ['Credit', 0, 1], '211': [' D', 0, 1], '21929': ['ror', 0, 1], '102': ['a', 1, 1], '17974': [' Lie', 1, 1], '1943': ['ber', 0, 1], '1843': ['her', 0, 1], '338': ['r', 0, 1], '2765': ['By', 0, 1], '229': [' K', 1, 1], '1512': ['ari', 1, 1], '21295': [' Gust', 0, 1], '2001': ['af', 1, 1], '1478': ['son', 1, 1], '6': [',', 1, 16], '3596': [' Senior', 1, 1], '8627': [' Editor', 1, 1], '4148': ['On', 1, 1], '494': [' March', 0, 2], '973': [' 26', 0, 2], '212': ['th', 0, 1], '824': [' Center', 0, 1], '3777': [' Technology', 1, 1], '30656': [' Organizations', 1, 1], '585': [' announced', 0, 1], '14': [' that', 0, 1], '24': [' it', 1, 1], '21': [' was', 1, 1], '25205': [' sponsoring', 1, 1], '199': [' 2018', 1, 1], '2815': [' Conference', 0, 4], '67': [' also', 1, 1], '684': [' known', 0, 1], '25': [' as', 0, 1], '19': [' with', 1, 1], '65': [' one', 1, 2], '63': [' its', 1, 1], '781': [' official', 0, 1], '29207': [' collaborators', 0, 1], '7941': [' Cloud', 1, 2], '32742': [' Transformation', 0, 2], '6035': [' Alliance', 0, 2], '152': [' This', 1, 2], '76': [' year', 1, 1], '3291': [' brings', 0, 1], '561': [' together', 1, 5], '55': [' more', 1, 1], '87': [' than', 0, 1], '3982': [' 150', 1, 1], '10703': [' attendees', 1, 3], '54': [' who', 0, 2], '283': [' come', 0, 1], '31': [' from', 1, 1], '41': [' an', 0, 1], '8932': [' array', 0, 1], '4510': [' industries', 1, 1], '217': [' including', 0, 1], '1911': [' insurance', 1, 1], '2267': [' consumer', 0, 1], '3057': [' goods', 1, 1], '168': [' government', 1, 1], '3717': [' healthcare', 0, 1], '15064': [' aerospace', 0, 1], '8': [' and', 0, 6], '2879': [' finance', 0, 1], '1989': [' particular', 0, 1], '11213': [' devoted', 1, 1], '7': [' to', 0, 5], '911': [' areas', 0, 2], '36': [' (', 1, 2], '8529': ['including', 1, 1], '364': [' e', 1, 1], '12': ['-', 1, 2], '8342': ['commerce', 1, 1], '2474': [' marketing', 0, 1], '11767': [' automation', 1, 1], '414': [' data', 0, 1], '9566': [' analytics', 1, 1], '238': ['),', 1, 1], '806': [' technology', 1, 2], '265': [' business', 1, 1], '20': [' The', 1, 2], '5026': [' aims', 1, 1], '836': [' bring', 0, 4], '92': [' new', 1, 1], '3003': [' expand', 0, 1], '7401': [' scope', 0, 1], '5581': [' depth', 0, 1], '762': [' key', 1, 1], '322': [').', 0, 1], '133': ['The', 0, 1], '1239': [' takes', 1, 1], '317': [' place', 1, 1], '2517': ['28', 1, 1], '2177': [' Toronto', 1, 1], '896': [' Canada', 0, 1], '3508': [' purpose', 0, 1], '42': [' this', 1, 1], '167': [' those', 0, 1], '5197': [' professionals', 1, 1], '4064': [' participate', 1, 1], '586': [' program', 1, 1], '40': [' will', 1, 1], '1532': [' learn', 1, 1], '59': [' about', 0, 1], '665': [' latest', 1, 1], '5126': [' developments', 0, 1]}"
0,Recentexperimentrecordedconsistentlyfluctuatingdataamidstcontrolledlaboratoryconditions,,"To identify when rough intervention controls are more effective than throughout treatment. We observed improvements in symptoms of the smallest of subjects who underwent inattentive intervention, but failed only some deeper interventions. Thus, attentive intervention makes people attentive, but does not improve them.",True,0.2773500981126146,0.0,0.39075564749935665,0.5,0,0,52,42,27,21,"{'3972': ['To', 0, 1], '3058': [' identify', 0, 1], '77': [' when', 1, 1], '6744': [' rough', 0, 1], '6530': [' intervention', 0, 3], '5656': [' controls', 1, 1], '32': [' are', 1, 1], '55': [' more', 1, 1], '2375': [' effective', 0, 1], '87': [' than', 0, 1], '1328': [' throughout', 0, 1], '1416': [' treatment', 1, 1], '4': ['.', 1, 3], '166': [' We', 1, 1], '6373': [' observed', 0, 1], '5139': [' improvements', 1, 1], '11': [' in', 1, 2], '5298': [' symptoms', 0, 1], '9': [' of', 1, 2], '5': [' the', 0, 1], '15654': [' smallest', 1, 1], '9352': [' subjects', 0, 1], '54': [' who', 0, 1], '12796': [' underwent', 1, 1], '2611': ['att', 1, 1], '1342': ['ent', 1, 1], '2088': ['ive', 1, 1], '6': [',', 1, 3], '53': [' but', 0, 2], '1447': [' failed', 1, 1], '129': [' only', 1, 1], '103': [' some', 0, 1], '6635': [' deeper', 0, 1], '15985': [' interventions', 1, 1], '10623': [' Thus', 0, 1], '36670': [' attentive', 0, 2], '817': [' makes', 0, 1], '82': [' people', 1, 1], '473': [' does', 0, 1], '45': [' not', 0, 1], '1477': [' improve', 0, 1], '106': [' them', 1, 1]}"
0,Modernartcritiqueshighlightevolvingaestheticsincontemporaryurbaninstallations,," (hereafter abbreviated to MASIGI). The study of modern art, and its creation is focused upon artist‚Äôs personal histories as these tell us their struggles and successes that have led them into the creation of their artwork.

The deep relationships between art practices and socio-political events define MASIGI in examining how artists, and especially those artists who are women, reflect their societies. Yet, it is also important to see the formative forces that have shaped these artists‚Äô individualities. They often began with a strong desire to ‚Äúengage society‚Äù in a positive way, while simultaneously also rejecting the conservative limits imposed by their gender. Artists also began with a deeply conflicting desire to establish a relatively secure position in society. Through their art they wished to challenge these restraints; to demand agency.

This fusion of these two desires, however, also seemed to bring conflict, resistance, and irony. This resulted in the creation of a hybrid cultural code.

In reflection on this connection between art practices and political events, and in order to understand the role of MASIGI in this process, it is imperative to examine the unique experiences and perspectives of women artists.",False,-0.7713892158398701,-1.5,0.7797618673594698,0.9331927987311419,0,0,242,144,115,63,"{'36': [' (', 1, 1], '10859': ['here', 0, 1], '10669': ['after', 0, 1], '40993': [' abbrevi', 0, 1], '1070': ['ated', 0, 1], '7': [' to', 0, 9], '30415': [' MAS', 1, 3], '5969': ['IG', 0, 3], '100': ['I', 1, 3], '322': [').', 0, 1], '20': [' The', 1, 1], '892': [' study', 0, 1], '9': [' of', 1, 6], '2297': [' modern', 1, 1], '1808': [' art', 1, 4], '6': [',', 1, 11], '8': [' and', 0, 8], '63': [' its', 1, 1], '5012': [' creation', 0, 3], '16': [' is', 1, 3], '2061': [' focused', 0, 1], '2115': [' upon', 0, 1], '3025': [' artist', 1, 1], '17': ['ÔøΩ', 1, 3], '27': ['ÔøΩ', 0, 2], '29': ['s', 0, 1], '1081': [' personal', 0, 1], '26271': [' histories', 0, 1], '25': [' as', 0, 1], '209': [' these', 1, 4], '1137': [' tell', 1, 1], '201': [' us', 1, 1], '49': [' their', 0, 5], '6952': [' struggles', 0, 1], '15185': [' successes', 0, 1], '14': [' that', 0, 2], '33': [' have', 0, 2], '669': [' led', 1, 1], '106': [' them', 1, 1], '88': [' into', 1, 1], '5': [' the', 0, 6], '14129': [' artwork', 1, 1], '4': ['.', 1, 9], '50118': ['\n', 0, 6], '133': ['The', 0, 1], '1844': [' deep', 0, 1], '4158': [' relationships', 1, 1], '227': [' between', 0, 2], '3464': [' practices', 1, 2], '20182': [' socio', 0, 1], '12': ['-', 1, 1], '17522': ['political', 1, 1], '1061': [' events', 0, 2], '9914': [' define', 1, 1], '11': [' in', 1, 6], '14951': [' examining', 0, 1], '141': [' how', 0, 1], '3528': [' artists', 0, 4], '941': [' especially', 1, 1], '167': [' those', 0, 1], '54': [' who', 0, 1], '32': [' are', 1, 1], '390': [' women', 1, 2], '4227': [' reflect', 0, 1], '17537': [' societies', 0, 1], '3507': [' Yet', 0, 1], '24': [' it', 1, 2], '67': [' also', 1, 4], '505': [' important', 1, 1], '192': [' see', 0, 1], '1026': [' form', 0, 1], '3693': ['ative', 0, 1], '1572': [' forces', 1, 1], '14216': [' shaped', 1, 1], '1736': [' individual', 1, 1], '2192': ['ities', 1, 1], '252': [' They', 0, 1], '747': [' often', 1, 1], '880': [' began', 1, 2], '19': [' with', 1, 2], '10': [' a', 0, 5], '670': [' strong', 0, 1], '4724': [' desire', 1, 2], '44': [' ÔøΩ', 0, 1], '48': ['ÔøΩ', 0, 1], '3314': ['eng', 1, 1], '1580': ['age', 1, 1], '2313': [' society', 0, 2], '46': ['ÔøΩ', 1, 1], '1313': [' positive', 0, 1], '169': [' way', 1, 1], '150': [' while', 1, 1], '11586': [' simultaneously', 1, 1], '19695': [' rejecting', 1, 1], '3354': [' conservative', 1, 1], '4971': [' limits', 1, 1], '5713': [' imposed', 0, 1], '30': [' by', 0, 1], '3959': [' gender', 0, 1], '24163': [' Artists', 0, 1], '4814': [' deeply', 1, 1], '22757': [' conflicting', 0, 1], '5242': [' establish', 0, 1], '3487': [' relatively', 0, 1], '2823': [' secure', 0, 1], '737': [' position', 0, 1], '6278': [' Through', 0, 1], '51': [' they', 0, 1], '14594': [' wished', 1, 1], '1539': [' challenge', 1, 1], '23332': [' restraints', 0, 1], '131': [';', 0, 1], '1077': [' demand', 0, 1], '1218': [' agency', 0, 1], '713': ['This', 0, 1], '24904': [' fusion', 0, 1], '80': [' two', 0, 1], '22215': [' desires', 0, 1], '959': [' however', 0, 1], '2551': [' seemed', 1, 1], '836': [' bring', 0, 1], '3050': [' conflict', 0, 1], '5910': [' resistance', 0, 1], '21490': [' irony', 0, 1], '152': [' This', 1, 1], '4596': [' resulted', 1, 1], '9284': [' hybrid', 0, 1], '4106': [' cultural', 0, 1], '3260': [' code', 0, 1], '1121': ['In', 1, 1], '12456': [' reflection', 0, 1], '15': [' on', 0, 1], '42': [' this', 1, 2], '2748': [' connection', 0, 1], '559': [' political', 0, 1], '645': [' order', 1, 1], '1346': [' understand', 1, 1], '774': [' role', 0, 1], '609': [' process', 1, 1], '16553': [' imperative', 1, 1], '10154': [' examine', 0, 1], '2216': [' unique', 1, 1], '3734': [' experiences', 1, 1], '17403': [' perspectives', 0, 1]}"
0,Recentphilosophicaldiscourseexaminesfundamentalquestionsofmoralityandethics,,"in relation to the nature of the duty of care.

Does responsibility exist for justice? Is justice just? Does it even matter?

The political task of ethical philosophers like Isaiah Berlin and Paul Foner is to ask these questions and to affirm the rightness and duty of care. But this task is also inherently moral. The philosopher Edmund Burke said ‚ÄúOnce it is decided, if a man is not liable for crime, he will not be a just man‚Äù (quoted in David Mayhew, Putting Law in Order, 9). Politicians should recognize and honor the moral duty of care even more than scientists or scholars. In light of recent developments such as Donald Trump‚Äôs ‚Äúlaw and order‚Äù campaign and the rhetoric of Brexit, they need to be especially alert to the problem of the wrong way of thinking.

Judging is a social construction that responds to different strategies of persuasion, forms of coercion, and the distribution of power. We live in an age of such policing; from different religions, police duties can be traced back to various types of scriptural and culturally mediated instructions. At a deeper level, the so-called criminal justice system was established to protect the public from illicit activity. What has changed is the tendency for certain institutions to function as channels of social control and as an illegitimate recourse for social stigmatization.

On the right side of the social contract, the free market, the police are the legitimate arbiters. On",False,0.5773502691896257,1.334248769989982,0.28185143082538655,0.09106117050474738,0,0,300,182,155,100,"{'179': ['in', 1, 1], '9355': [' relation', 1, 1], '7': [' to', 0, 9], '5': [' the', 0, 16], '2574': [' nature', 1, 1], '9': [' of', 1, 16], '4053': [' duty', 0, 3], '575': [' care', 0, 3], '4': ['.', 1, 10], '50118': ['\n', 0, 8], '27847': ['Does', 1, 1], '2640': [' responsibility', 0, 1], '5152': [' exist', 1, 1], '13': [' for', 0, 4], '2427': [' justice', 1, 3], '116': ['?', 0, 3], '1534': [' Is', 1, 1], '95': [' just', 1, 2], '8901': [' Does', 1, 1], '24': [' it', 1, 2], '190': [' even', 1, 2], '948': [' matter', 0, 1], '133': ['The', 0, 1], '559': [' political', 0, 1], '3685': [' task', 1, 2], '13557': [' ethical', 1, 1], '44267': [' philosophers', 0, 1], '101': [' like', 1, 1], '16473': [' Isaiah', 0, 1], '5459': [' Berlin', 0, 1], '8': [' and', 0, 9], '1206': [' Paul', 1, 1], '274': [' F', 0, 1], '9604': ['oner', 0, 1], '16': [' is', 1, 6], '1394': [' ask', 0, 1], '209': [' these', 1, 1], '1142': [' questions', 0, 1], '31040': [' affirm', 1, 1], '235': [' right', 0, 2], '1825': ['ness', 0, 1], '125': [' But', 1, 1], '42': [' this', 1, 1], '67': [' also', 1, 1], '22646': [' inherently', 0, 1], '7654': [' moral', 0, 2], '20': [' The', 1, 1], '34580': [' philosopher', 1, 1], '17862': [' Edmund', 0, 1], '12032': [' Burke', 1, 1], '26': [' said', 1, 1], '44': [' ÔøΩ', 0, 2], '48': ['ÔøΩ', 0, 2], '11475': ['Once', 1, 1], '1276': [' decided', 0, 1], '6': [',', 1, 11], '114': [' if', 1, 1], '10': [' a', 0, 4], '313': [' man', 0, 2], '45': [' not', 0, 2], '19145': [' liable', 0, 1], '1846': [' crime', 0, 1], '37': [' he', 1, 1], '40': [' will', 1, 1], '28': [' be', 0, 3], '17': ['ÔøΩ', 1, 3], '46': ['ÔøΩ', 1, 2], '36': [' (', 1, 1], '2253': ['qu', 1, 1], '11367': ['oted', 1, 1], '11': [' in', 1, 3], '871': [' David', 0, 1], '392': [' May', 0, 1], '16152': ['hew', 0, 1], '27480': [' Putting', 0, 1], '2589': [' Law', 1, 1], '9729': [' Order', 1, 1], '361': [' 9', 0, 1], '322': [').', 0, 1], '16373': [' Polit', 1, 1], '17197': ['icians', 1, 1], '197': [' should', 1, 1], '5281': [' recognize', 0, 1], '3712': [' honor', 1, 1], '55': [' more', 1, 1], '87': [' than', 0, 1], '4211': [' scientists', 0, 1], '50': [' or', 1, 1], '18118': [' scholars', 0, 1], '96': [' In', 0, 1], '1109': [' light', 1, 1], '485': [' recent', 1, 1], '5126': [' developments', 0, 1], '215': [' such', 0, 2], '25': [' as', 0, 3], '807': [' Donald', 0, 1], '140': [' Trump', 0, 1], '27': ['ÔøΩ', 0, 1], '29': ['s', 0, 1], '4656': ['law', 0, 1], '645': [' order', 1, 1], '637': [' campaign', 0, 1], '8770': [' rhetoric', 0, 1], '2404': [' Brexit', 0, 1], '51': [' they', 0, 1], '240': [' need', 1, 1], '941': [' especially', 1, 1], '5439': [' alert', 0, 1], '936': [' problem', 1, 1], '1593': [' wrong', 1, 1], '169': [' way', 1, 1], '2053': [' thinking', 1, 1], '36728': ['Jud', 1, 1], '3923': ['ging', 1, 1], '592': [' social', 1, 4], '1663': [' construction', 1, 1], '14': [' that', 0, 1], '17904': [' responds', 1, 1], '430': [' different', 0, 2], '4964': [' strategies', 1, 1], '40496': [' persuasion', 1, 1], '4620': [' forms', 1, 1], '36047': [' coercion', 1, 1], '3854': [' distribution', 1, 1], '476': [' power', 1, 1], '166': [' We', 1, 1], '697': [' live', 1, 1], '41': [' an', 0, 2], '1046': [' age', 0, 1], '13970': [' policing', 1, 1], '131': [';', 0, 1], '31': [' from', 1, 2], '24664': [' religions', 1, 1], '249': [' police', 1, 2], '5941': [' duties', 1, 1], '64': [' can', 0, 1], '21069': [' traced', 0, 1], '124': [' back', 1, 1], '1337': [' various', 1, 1], '3505': [' types', 1, 1], '8543': [' script', 0, 1], '9799': ['ural', 1, 1], '26973': [' culturally', 0, 1], '43219': [' mediated', 1, 1], '9223': [' instructions', 0, 1], '497': [' At', 1, 1], '6635': [' deeper', 0, 1], '672': [' level', 1, 1], '98': [' so', 0, 1], '12': ['-', 1, 1], '4155': ['called', 1, 1], '1837': [' criminal', 1, 1], '467': [' system', 0, 1], '21': [' was', 1, 1], '2885': [' established', 0, 1], '1744': [' protect', 0, 1], '285': [' public', 0, 1], '16108': [' illicit', 1, 1], '1940': [' activity', 0, 1], '653': [' What', 0, 1], '34': [' has', 0, 1], '1714': [' changed', 1, 1], '16699': [' tendency', 1, 1], '1402': [' certain', 0, 1], '3353': [' institutions', 1, 1], '5043': [' function', 1, 1], '6237': [' channels', 0, 1], '797': [' control', 1, 1], '34785': [' illegitimate', 1, 1], '32688': [' recourse', 0, 1], '36314': [' stigmat', 0, 1], '1938': ['ization', 1, 1], '4148': ['On', 1, 1], '526': [' side', 1, 1], '1355': [' contract', 1, 1], '481': [' free', 1, 1], '210': [' market', 0, 1], '32': [' are', 1, 1], '8134': [' legitimate', 1, 1], '21552': [' arbit', 1, 1], '268': ['ers', 0, 1], '374': [' On', 1, 1]}"
0,Ancienthistoricalrecordsdocumentsporadiceventsinfluencingmodernpoliticaldynamics,,"""World History"" ‚Äì Ancient Egyptian Records and Documents for Documenting Ancient Egyptian History",True,1.0,0.5773502691896258,0.15865525393145707,0.28185143082538655,0,0,16,12,10,7,"{'113': ['""', 1, 2], '10988': ['World', 0, 1], '7298': [' History', 0, 2], '126': [' ‚Äì', 1, 1], '34515': [' Ancient', 1, 2], '10377': [' Egyptian', 1, 2], '10023': [' Records', 1, 1], '8': [' and', 0, 1], '32682': [' Documents', 1, 1], '13': [' for', 0, 1], '27246': [' Document', 1, 1], '154': ['ing', 0, 1]}"
0,Recentgeneticresearchexposesnovelcorrelationsbetweentraitsanddisorders,,within evolutionary biology,True,0.5773502691896258,0.5773502691896258,0.28185143082538655,0.28185143082538655,0,0,3,3,2,2,"{'34451': ['within', 0, 1], '29832': [' evolutionary', 1, 1], '18004': [' biology', 1, 1]}"
0,Shattered üòä mirror üòä reflects üòä dreams üòä fading üòä into üòä broken üòä emptiness üòä of üòä lost,,"
Real  broken, not shattered.  Breaking breaks you, but breaking is used like a hammer or axe to break. Not shattered, shattered.",True,2.556038601690775,1.4596008983995234,0.005293568667028473,0.07219989610653568,0,0,30,23,22,15,"{'50118': ['\n', 0, 1], '17105': ['Real', 1, 1], '1437': [' ', 1, 2], '3187': [' broken', 1, 1], '6': [',', 1, 3], '45': [' not', 0, 1], '17306': [' shattered', 1, 3], '4': ['.', 1, 3], '17252': [' Breaking', 1, 1], '6383': [' breaks', 0, 1], '47': [' you', 0, 1], '53': [' but', 0, 1], '3433': [' breaking', 1, 1], '16': [' is', 1, 1], '341': [' used', 1, 1], '101': [' like', 1, 1], '10': [' a', 0, 1], '13547': [' hammer', 1, 1], '50': [' or', 1, 1], '27729': [' axe', 1, 1], '7': [' to', 0, 1], '1108': [' break', 0, 1], '1491': [' Not', 1, 1]}"
0,Lonely üò¢ heartbeats üò¢ echo üò¢ memories üò¢ drifting üò¢ through üò¢ silent üò¢ corridors üò¢ of üò¢ forgotten,," dreams 

Like this: Like Loading...",True,0.6324555320336759,1.0,0.26354462843276905,0.15865525393145707,0,0,10,9,6,6,"{'7416': [' dreams', 1, 1], '1437': [' ', 1, 1], '50118': ['\n', 0, 2], '13721': ['Like', 0, 1], '42': [' this', 1, 1], '35': [':', 1, 1], '2011': [' Like', 1, 1], '11414': [' Loading', 1, 1], '734': ['...', 0, 1]}"
0,Burning üòé sunsets üòé ignite üòé hopes üòé dissolving üòé into üòé twilight üòé whispers üòé of üòé unreal,,"  treasures 
caught this in the show last night!  Truly a magical song.
Same here!  No angelic choir or strings in this song!",True,2.057983021710106,1.0,0.019795881618345192,0.15865525393145707,0,0,34,25,23,15,"{'1437': [' ', 1, 4], '30981': [' treasures', 0, 1], '50118': ['\n', 0, 2], '438': ['c', 1, 1], '19906': ['aught', 0, 1], '42': [' this', 1, 2], '11': [' in', 1, 2], '5': [' the', 0, 1], '311': [' show', 1, 1], '94': [' last', 0, 1], '363': [' night', 0, 1], '328': ['!', 1, 3], '39003': [' Truly', 1, 1], '10': [' a', 0, 1], '13867': [' magical', 1, 1], '2214': [' song', 1, 2], '4': ['.', 1, 1], '42271': ['Same', 0, 1], '259': [' here', 1, 1], '440': [' No', 1, 1], '20285': [' angel', 1, 1], '636': ['ic', 0, 1], '18558': [' choir', 1, 1], '50': [' or', 1, 1], '22052': [' strings', 0, 1]}"
0,Winding üòú roads üòú reveal üòú secrets üòú merging üòú with üòú misty üòú echoes üòú of üòú ancient,," craters   white sands  area  house  sea  desert  hot wind  mysterious everyone everyone
You would have to be blind to miss the white sands...
I was there this summer 
And you'd still see them on google maps...",True,-0.5547001962252291,-1.150792911137501,0.7104501290230406,0.875091279082026,0,0,52,37,24,15,"{'3977': [' cr', 1, 1], '11837': ['aters', 0, 1], '1437': [' ', 1, 9], '1104': [' white', 0, 2], '26200': [' sands', 1, 2], '443': [' area', 1, 1], '790': [' house', 0, 1], '3342': [' sea', 1, 1], '10348': [' desert', 0, 1], '2131': [' hot', 1, 1], '2508': [' wind', 0, 1], '12754': [' mysterious', 1, 1], '961': [' everyone', 0, 2], '50118': ['\n', 0, 3], '1185': ['You', 1, 1], '74': [' would', 0, 1], '33': [' have', 0, 1], '7': [' to', 0, 2], '28': [' be', 0, 1], '7709': [' blind', 0, 1], '2649': [' miss', 1, 1], '5': [' the', 0, 1], '734': ['...', 0, 2], '100': ['I', 1, 1], '21': [' was', 1, 1], '89': [' there', 0, 1], '42': [' this', 1, 1], '1035': [' summer', 0, 1], '2409': ['And', 1, 1], '47': [' you', 0, 1], '1017': [""'d"", 0, 1], '202': [' still', 1, 1], '192': [' see', 0, 1], '106': [' them', 1, 1], '15': [' on', 0, 1], '39121': [' google', 0, 1], '12879': [' maps', 0, 1]}"
0,Flickering ü§© neon ü§© lights ü§© awaken ü§© desires ü§© lost ü§© amid ü§© endless ü§© urban ü§© dreams,,"  living  getting lost  fears ,

Waking,

Sleeping,

Waking up

In a cloud of our own perception of reality,

The Man in the Moon soars,

The Moon above,

Sugar singing sweet

Every cell unencumbered,

Adrift from memory.

The Man in the Moon

O Beautiful Moon!

(Krishnamurti)

So true. It‚Äôs as if we were thrown into our own time and space. We have an instant exposure to what life is actually like here and on the other side of the universe.",True,-1.9650226127485502,-0.6546536707079772,0.975294189804895,0.7436546198690384,0,0,137,84,57,39,"{'1437': [' ', 1, 3], '1207': [' living', 0, 1], '562': [' getting', 1, 1], '685': [' lost', 0, 1], '4606': [' fears', 0, 1], '2156': [' ,', 1, 1], '50118': ['\n', 0, 26], '771': ['W', 1, 2], '7520': ['aking', 1, 2], '6': [',', 1, 6], '104': ['S', 1, 2], '459': ['le', 1, 1], '24320': ['eping', 0, 1], '62': [' up', 0, 1], '1121': ['In', 1, 1], '10': [' a', 0, 1], '3613': [' cloud', 0, 1], '9': [' of', 1, 3], '84': [' our', 0, 2], '308': [' own', 1, 2], '10518': [' perception', 1, 1], '2015': [' reality', 0, 1], '133': ['The', 0, 3], '1554': [' Man', 1, 2], '11': [' in', 1, 2], '5': [' the', 0, 4], '5648': [' Moon', 0, 4], '98': [' so', 0, 1], '2726': ['ars', 1, 1], '1065': [' above', 1, 1], '20115': ['ugar', 1, 1], '6970': [' singing', 0, 1], '4045': [' sweet', 0, 1], '7682': ['Every', 0, 1], '3551': [' cell', 0, 1], '542': [' un', 0, 1], '14210': ['enc', 0, 1], '40501': ['umbered', 0, 1], '9167': ['Ad', 1, 1], '23203': ['rift', 0, 1], '31': [' from', 1, 1], '3783': [' memory', 1, 1], '4': ['.', 1, 4], '673': ['O', 0, 1], '20081': [' Beautiful', 0, 1], '328': ['!', 1, 1], '1640': ['(', 0, 1], '530': ['K', 1, 1], '14884': ['rish', 0, 1], '8697': ['nam', 0, 1], '7363': ['urt', 0, 1], '118': ['i', 0, 1], '43': [')', 1, 1], '2847': ['So', 0, 1], '1528': [' true', 0, 1], '85': [' It', 1, 1], '17': ['ÔøΩ', 1, 1], '27': ['ÔøΩ', 0, 1], '29': ['s', 0, 1], '25': [' as', 0, 1], '114': [' if', 1, 1], '52': [' we', 0, 1], '58': [' were', 1, 1], '5629': [' thrown', 0, 1], '88': [' into', 1, 1], '86': [' time', 1, 1], '8': [' and', 0, 2], '980': [' space', 0, 1], '166': [' We', 1, 1], '33': [' have', 0, 1], '41': [' an', 0, 1], '10062': [' instant', 0, 1], '4895': [' exposure', 0, 1], '7': [' to', 0, 1], '99': [' what', 1, 1], '301': [' life', 1, 1], '16': [' is', 1, 1], '888': [' actually', 0, 1], '101': [' like', 1, 1], '259': [' here', 1, 1], '15': [' on', 0, 1], '97': [' other', 1, 1], '526': [' side', 1, 1], '9468': [' universe', 1, 1]}"
0,Distant ü§î thunder ü§î murmurs ü§î warnings ü§î over ü§î landscapes ü§î shrouded ü§î in ü§î eerie ü§î silence,,"  but also shades of  distant  thunder 
Crazy Weather When You Need It Most ‚Äì Dry cold air. Light fog. There's no long rainbow, but there's a distant lightning flash. Out of the rain comes a wind that's the perfect cure for any dry, cold, barren feeling. This could be a sunny, dry day, but if it's below 30 degrees, this will do the trick.",True,-0.10846522890932808,-0.5163977794943222,0.5431866694685704,0.6972116918323268,0,0,85,60,42,28,"{'1437': [' ', 1, 4], '53': [' but', 0, 3], '67': [' also', 1, 1], '16578': [' shades', 1, 1], '9': [' of', 1, 2], '13258': [' distant', 0, 2], '4775': [' thunder', 0, 1], '50118': ['\n', 0, 1], '347': ['C', 1, 1], '36616': ['razy', 0, 1], '5842': [' Weather', 0, 1], '520': [' When', 0, 1], '370': [' You', 0, 1], '10145': [' Need', 0, 1], '85': [' It', 1, 1], '1993': [' Most', 0, 1], '126': [' ‚Äì', 1, 1], '19550': [' Dry', 1, 1], '2569': [' cold', 1, 2], '935': [' air', 1, 1], '4': ['.', 1, 5], '5737': [' Light', 0, 1], '11048': [' fog', 0, 1], '345': [' There', 0, 1], '18': [""'s"", 0, 4], '117': [' no', 0, 1], '251': [' long', 0, 1], '20927': [' rainbow', 0, 1], '6': [',', 1, 6], '89': [' there', 0, 1], '10': [' a', 0, 3], '14489': [' lightning', 0, 1], '7462': [' flash', 1, 1], '2548': [' Out', 1, 1], '5': [' the', 0, 3], '1895': [' rain', 1, 1], '606': [' comes', 0, 1], '2508': [' wind', 0, 1], '14': [' that', 0, 1], '1969': [' perfect', 1, 1], '13306': [' cure', 1, 1], '13': [' for', 0, 1], '143': [' any', 1, 1], '3841': [' dry', 0, 2], '36175': [' barren', 0, 1], '2157': [' feeling', 1, 1], '152': [' This', 1, 1], '115': [' could', 1, 1], '28': [' be', 0, 1], '5419': [' sunny', 1, 1], '183': [' day', 0, 1], '114': [' if', 1, 1], '24': [' it', 1, 1], '874': [' below', 0, 1], '389': [' 30', 1, 1], '4176': [' degrees', 1, 1], '42': [' this', 1, 1], '40': [' will', 1, 1], '109': [' do', 0, 1], '7610': [' trick', 0, 1]}"
0,Fractured üò° realities üò° clash üò° violently üò° as üò° chaos üò° invades üò° lost üò° and üò° shattered,,"  Currently trying to make sense of every single bit of it.
My mind is tangled and disconnected at the moment. I‚Äôm having trouble figuring out my past but i‚Äôm just glad I am alive. I really hate that shit.",True,0.7001400420140048,-0.3086066999241838,0.2419199256967841,0.6211896381583017,0,0,51,42,28,20,"{'1437': [' ', 1, 1], '7519': [' Currently', 0, 1], '667': [' trying', 0, 1], '7': [' to', 0, 1], '146': [' make', 0, 1], '1472': [' sense', 1, 1], '9': [' of', 1, 2], '358': [' every', 0, 1], '881': [' single', 1, 1], '828': [' bit', 1, 1], '24': [' it', 1, 1], '4': ['.', 1, 4], '50118': ['\n', 0, 1], '2387': ['My', 1, 1], '1508': [' mind', 1, 1], '16': [' is', 1, 1], '31659': [' tangled', 0, 1], '8': [' and', 0, 1], '30005': [' disconnected', 1, 1], '23': [' at', 0, 1], '5': [' the', 0, 1], '1151': [' moment', 1, 1], '38': [' I', 1, 3], '17': ['ÔøΩ', 1, 2], '27': ['ÔøΩ', 0, 2], '119': ['m', 1, 2], '519': [' having', 0, 1], '3605': [' trouble', 0, 1], '18877': [' figuring', 1, 1], '66': [' out', 0, 1], '127': [' my', 0, 1], '375': [' past', 0, 1], '53': [' but', 0, 1], '939': [' i', 0, 1], '95': [' just', 1, 1], '7785': [' glad', 1, 1], '524': [' am', 1, 1], '4299': [' alive', 0, 1], '269': [' really', 1, 1], '4157': [' hate', 0, 1], '14': [' that', 0, 1], '15328': [' shit', 0, 1]}"
0,Silent üòá whispers üòá carry üòá fragile üòá truths üòá drifting üòá through üòá corridors üòá of üòá empty,," intent  lies  pillow 
Sounds great. You are there in person. Get on TS tonight?",True,-0.6546536707079772,-1.4142135623730951,0.7436546198690384,0.9213503964748575,0,0,21,18,9,6,"{'5927': [' intent', 0, 1], '1437': [' ', 1, 3], '5738': [' lies', 0, 1], '26410': [' pillow', 1, 1], '50118': ['\n', 0, 1], '45953': ['Sounds', 0, 1], '372': [' great', 0, 1], '4': ['.', 1, 2], '370': [' You', 0, 1], '32': [' are', 1, 1], '89': [' there', 0, 1], '11': [' in', 1, 1], '621': [' person', 0, 1], '2315': [' Get', 1, 1], '15': [' on', 0, 1], '12932': [' TS', 0, 1], '3422': [' tonight', 0, 1], '116': ['?', 0, 1]}"
0,Haunted üò± memories üò± emerge üò± unexpectedly üò± in üò± shadows üò± of üò± crumbling üò± time üò± endlessly,,"  from  without  necessarily  so  that  they ruine  me 
Goddammit Xploding_Huobi",True,1.1338934190276817,-0.2182178902359924,0.12841962897892828,0.5863703267186443,0,0,28,21,17,10,"{'1437': [' ', 1, 8], '31': [' from', 1, 1], '396': [' without', 1, 1], '4784': [' necessarily', 0, 1], '98': [' so', 0, 1], '14': [' that', 0, 1], '51': [' they', 0, 1], '6365': [' ru', 0, 1], '833': ['ine', 1, 1], '162': [' me', 1, 1], '50118': ['\n', 0, 1], '534': ['G', 0, 1], '13533': ['odd', 0, 1], '424': ['am', 1, 1], '8974': ['mit', 0, 1], '1577': [' X', 1, 1], '2911': ['pl', 1, 1], '19519': ['oding', 1, 1], '1215': ['_', 1, 1], '39087': ['Hu', 0, 1], '15919': ['obi', 0, 1]}"
0,"Mystic ü§ó visions ü§ó unravel ü§ó slowly, ü§ó weaving ü§ó tales ü§ó into ü§ó uncertain ü§ó realms ü§ó beyond",," the question  as  ones  glimpsed   into  singularity ,   like     in us . Visionary. History. Social unrest. Philosophical inflection. political inquiry. Hopefulness. Lifelong love . Too often lost. After much soul-searching. Something awakened   from the confines of memory. A belief. A dream. A revelation. One that can and will take us away from the reins of awareness. From the limitations of the mind. From the restrictions of our experience. That was it. The whole of reality. Ever. Like an inner eye witness, tracing what is felt with the mind. Not seen  with the eye. The complete self. The destination. The fullness of being. Each moment, eternally unfolding, . Each full awareness moment is a journey of interdimensional experience. Manifestation is in us and will manifest.

This realization is about ~ Letting Go of Resistance. ~ Letting go of Change. ~ Letting go of Control.  To live in freedom. Freedom from the cages of being. Freedom to live freely. Freedom from suffering.  Freedom to be free",False,4.68680079530966,0.7126966450997984,1.387544197408455e-06,0.2380167464712148,0,0,236,126,154,67,"{'5': [' the', 0, 9], '864': [' question', 0, 1], '1437': [' ', 1, 17], '25': [' as', 0, 1], '1980': [' ones', 0, 1], '31264': [' glimps', 0, 1], '196': ['ed', 0, 1], '88': [' into', 1, 1], '23429': [' singular', 1, 1], '1571': ['ity', 1, 1], '2156': [' ,', 1, 1], '101': [' like', 1, 1], '11': [' in', 1, 3], '201': [' us', 1, 3], '479': [' .', 1, 3], '13396': [' Vision', 0, 1], '1766': ['ary', 0, 1], '4': ['.', 1, 32], '7298': [' History', 0, 1], '3574': [' Social', 1, 1], '12254': [' unrest', 0, 1], '44310': [' Philos', 0, 1], '47212': ['ophical', 1, 1], '4047': [' inf', 0, 1], '20576': ['lection', 1, 1], '559': [' political', 0, 1], '6422': [' inquiry', 0, 1], '13583': [' Hop', 1, 1], '21954': ['eful', 1, 1], '1825': ['ness', 0, 2], '19556': [' Lif', 1, 1], '30432': ['elong', 1, 1], '657': [' love', 1, 1], '12135': [' Too', 1, 1], '747': [' often', 1, 1], '685': [' lost', 0, 1], '572': [' After', 1, 1], '203': [' much', 1, 1], '7047': [' soul', 0, 1], '12': ['-', 1, 1], '21061': ['search', 0, 1], '154': ['ing', 0, 1], '13676': [' Something', 0, 1], '40593': [' awakened', 0, 1], '31': [' from', 1, 4], '33548': [' confines', 1, 1], '9': [' of', 1, 11], '3783': [' memory', 1, 1], '83': [' A', 1, 3], '6563': [' belief', 0, 1], '3366': [' dream', 1, 1], '15461': [' revelation', 0, 1], '509': [' One', 1, 1], '14': [' that', 0, 1], '64': [' can', 0, 1], '8': [' and', 0, 2], '40': [' will', 1, 2], '185': [' take', 0, 1], '409': [' away', 1, 1], '16450': [' reins', 0, 1], '4199': [' awareness', 0, 2], '1740': [' From', 0, 2], '11948': [' limitations', 0, 1], '1508': [' mind', 1, 2], '5165': [' restrictions', 0, 1], '84': [' our', 0, 1], '676': [' experience', 0, 2], '280': [' That', 1, 1], '21': [' was', 1, 1], '24': [' it', 1, 1], '20': [' The', 1, 4], '1086': [' whole', 0, 1], '2015': [' reality', 0, 1], '7989': [' Ever', 0, 1], '2011': [' Like', 1, 1], '41': [' an', 0, 1], '8725': [' inner', 1, 1], '2295': [' eye', 0, 2], '4562': [' witness', 1, 1], '6': [',', 1, 3], '35105': [' tracing', 0, 1], '99': [' what', 1, 1], '16': [' is', 1, 4], '1299': [' felt', 0, 1], '19': [' with', 1, 2], '1491': [' Not', 1, 1], '450': [' seen', 1, 1], '1498': [' complete', 1, 1], '1403': [' self', 0, 1], '6381': [' destination', 1, 1], '455': [' full', 0, 2], '145': [' being', 0, 2], '4028': [' Each', 1, 2], '1151': [' moment', 1, 2], '364': [' e', 1, 1], '41076': ['ternally', 0, 1], '25451': [' unfolding', 1, 1], '10': [' a', 0, 1], '3251': [' journey', 1, 1], '3222': [' inter', 0, 1], '23944': ['dimensional', 1, 1], '41373': [' Manifest', 0, 1], '1258': ['ation', 1, 1], '19318': [' manifest', 0, 1], '50118': ['\n', 0, 2], '713': ['This', 0, 1], '24179': [' realization', 1, 1], '59': [' about', 0, 1], '14434': [' ~', 0, 3], '2780': [' Let', 1, 3], '2577': ['ting', 1, 3], '2381': [' Go', 0, 1], '26839': [' Resistance', 0, 1], '213': [' go', 1, 2], '7229': [' Change', 1, 1], '6007': [' Control', 1, 1], '598': [' To', 1, 1], '697': [' live', 1, 2], '3519': [' freedom', 1, 1], '7978': [' Freedom', 0, 4], '32033': [' cages', 1, 1], '7': [' to', 0, 2], '13215': [' freely', 1, 1], '3606': [' suffering', 0, 1], '28': [' be', 0, 1], '481': [' free', 1, 1]}"
0,Shattered!visions!of!forgotten!times!linger!in!quiet!abyss!beyond,,"  and you  Shall we dine at your table?
I came here to make the same reference.",True,-0.42640143271122083,-0.6546536707079772,0.6650923212002917,0.7436546198690384,0,0,22,21,10,9,"{'1437': [' ', 1, 2], '8': [' and', 0, 1], '47': [' you', 0, 1], '39709': [' Shall', 0, 1], '52': [' we', 0, 1], '385': [' d', 1, 1], '833': ['ine', 1, 1], '23': [' at', 0, 1], '110': [' your', 0, 1], '2103': [' table', 1, 1], '116': ['?', 0, 1], '50118': ['\n', 0, 1], '100': ['I', 1, 1], '376': [' came', 1, 1], '259': [' here', 1, 1], '7': [' to', 0, 1], '146': [' make', 0, 1], '5': [' the', 0, 1], '276': [' same', 1, 1], '5135': [' reference', 0, 1], '4': ['.', 1, 1]}"
0,Lost?echoes?haunt?the?lonely?corners?of?an?empty?dusk,,"into thunder screams
Soundtracks are solid. It's a first-person perspective. But yeah it's too short.
What if i told you you could get that demo for free
What if I told you, I'd prefer to hear the full game before I pay $10.
It doesn't cost ten dollars.
The demo will probably only last you 3-4 hours. And that includes getting all the weapons and going through a whole story mission. That's about 9 hours.
What's wrong with you, kid
I wouldn't mind having to wait a year and a half for a full game and so many other amazing games to be released, kid.
I think you need to brush up on what you are talking about.   1. The full game isn't coming out.   2. The complete game will probably only be half that length.   3. Nothing ever outdoes the hype. This is coming from a HUGE skeptic. I'm not going to waste my time on something that is gonna be overhyped.   4. You are the one making excuses. Not me.
I wasn't talking about an *absolute* year and a half from now.",False,0.762000762001143,1.1026456085839622,0.223029774685372,0.13509054785511676,0,0,248,139,130,76,"{'12473': ['into', 1, 1], '4775': [' thunder', 0, 1], '26776': [' screams', 0, 1], '50118': ['\n', 0, 9], '40866': ['Sound', 0, 1], '36546': ['tracks', 1, 1], '32': [' are', 1, 3], '2705': [' solid', 0, 1], '4': ['.', 1, 22], '85': [' It', 1, 1], '18': [""'s"", 0, 4], '10': [' a', 0, 7], '78': [' first', 1, 1], '12': ['-', 1, 2], '5970': ['person', 0, 1], '4263': [' perspective', 1, 1], '125': [' But', 1, 1], '11380': [' yeah', 1, 1], '24': [' it', 1, 1], '350': [' too', 1, 1], '765': [' short', 1, 1], '2264': ['What', 1, 3], '114': [' if', 1, 2], '939': [' i', 0, 1], '174': [' told', 0, 2], '47': [' you', 0, 7], '115': [' could', 1, 1], '120': [' get', 1, 1], '14': [' that', 0, 4], '19592': [' demo', 0, 2], '13': [' for', 0, 2], '481': [' free', 1, 1], '38': [' I', 1, 4], '6': [',', 1, 3], '1017': [""'d"", 0, 1], '6573': [' prefer', 1, 1], '7': [' to', 0, 5], '1798': [' hear', 1, 1], '5': [' the', 0, 4], '455': [' full', 0, 3], '177': [' game', 1, 4], '137': [' before', 1, 1], '582': [' pay', 0, 1], '68': [' $', 0, 1], '698': ['10', 0, 1], '243': ['It', 1, 1], '630': [' doesn', 1, 1], '75': [""'t"", 0, 4], '701': [' cost', 1, 1], '2724': [' ten', 1, 1], '1932': [' dollars', 1, 1], '133': ['The', 0, 1], '40': [' will', 1, 2], '1153': [' probably', 0, 2], '129': [' only', 1, 2], '94': [' last', 0, 1], '155': [' 3', 1, 2], '306': ['4', 0, 1], '722': [' hours', 0, 2], '178': [' And', 0, 1], '1171': [' includes', 0, 1], '562': [' getting', 1, 1], '70': [' all', 0, 1], '2398': [' weapons', 1, 1], '8': [' and', 0, 4], '164': [' going', 1, 2], '149': [' through', 0, 1], '1086': [' whole', 0, 1], '527': [' story', 1, 1], '2511': [' mission', 0, 1], '280': [' That', 1, 1], '59': [' about', 0, 3], '361': [' 9', 0, 1], '1593': [' wrong', 1, 1], '19': [' with', 1, 1], '4607': [' kid', 1, 2], '100': ['I', 1, 3], '1979': [' wouldn', 0, 1], '1508': [' mind', 1, 1], '519': [' having', 0, 1], '2067': [' wait', 1, 1], '76': [' year', 1, 2], '457': [' half', 0, 3], '98': [' so', 0, 1], '171': [' many', 1, 1], '97': [' other', 1, 1], '2770': [' amazing', 1, 1], '426': [' games', 0, 1], '28': [' be', 0, 3], '703': [' released', 1, 1], '206': [' think', 1, 1], '240': [' need', 1, 1], '11822': [' brush', 0, 1], '62': [' up', 0, 1], '15': [' on', 0, 2], '99': [' what', 1, 1], '1686': [' talking', 1, 2], '1437': [' ', 1, 8], '112': [' 1', 1, 1], '20': [' The', 1, 2], '965': [' isn', 0, 1], '567': [' coming', 0, 2], '66': [' out', 0, 2], '132': [' 2', 0, 1], '1498': [' complete', 1, 1], '5933': [' length', 1, 1], '10385': [' Nothing', 1, 1], '655': [' ever', 0, 1], '26692': ['does', 1, 1], '14761': [' hype', 1, 1], '152': [' This', 1, 1], '16': [' is', 1, 2], '31': [' from', 1, 2], '43125': [' HUGE', 1, 1], '42386': [' skept', 1, 1], '636': ['ic', 0, 1], '437': [""'m"", 1, 1], '45': [' not', 0, 1], '3844': [' waste', 0, 1], '127': [' my', 0, 1], '86': [' time', 1, 1], '402': [' something', 1, 1], '6908': [' gonna', 0, 1], '81': [' over', 0, 1], '33027': ['hyp', 1, 1], '196': ['ed', 0, 1], '204': [' 4', 0, 1], '370': [' You', 0, 1], '65': [' one', 1, 1], '442': [' making', 1, 1], '19791': [' excuses', 0, 1], '1491': [' Not', 1, 1], '162': [' me', 1, 1], '938': [' wasn', 1, 1], '41': [' an', 0, 1], '1009': [' *', 0, 1], '41843': ['absolute', 1, 1], '3226': ['*', 1, 1], '122': [' now', 0, 1]}"
0,Hidden@mysteries@unfold@beneath@silent@shadows@of@night@without@end,,"

Viru

The Gaze

Of Time

Silent

Beneath

Endless

Hidden mysteries unfold beneath silent shadows of night without end.

Like a memory locked away behind a tree trunk. In the deep dark night. Like a memory festering under the surface of an old but poisoned well. A memory darkened by disease. A memory in ruins, under threat of ruin. A memory dimmed by the moonlight. A memory filled with danger. A memory so twisted by their fate. Untended. Unwatched. Even by the wind. Filled with rivulets of blood. A memory left to fester and grow, but often infected by the shadow‚Äôs poison.

It was supposed to be a silent rain. Instead, a blinding storm of violence transformed it into the insane flash of lights that had been haunting me all night. Some had been forced to dance with one another beneath the arc of the storm, but it wasn‚Äôt until it had made its way to the top floor that they moved in to meet it. While others refused to look.

As I ran, I felt the burning black sludge between my fingers. I could have laughed as the lightning cracked from the sky like broken glass, but instead I felt only fear. Fear that only the moon and the darkest corners of",False,-0.7727697877610932,-0.7808688094430304,0.7801706817270987,0.7825601707521084,0,0,283,164,135,77,"{'50118': ['\n', 0, 20], '846': ['V', 0, 1], '23349': ['iru', 1, 1], '133': ['The', 0, 1], '272': [' G', 0, 1], '10129': ['aze', 1, 1], '10643': ['Of', 0, 1], '3421': [' Time', 0, 1], '23719': ['Sil', 1, 1], '1342': ['ent', 1, 1], '387': ['B', 0, 1], '2552': ['ene', 1, 1], '2681': ['ath', 1, 1], '18547': ['End', 0, 1], '1672': ['less', 1, 1], '43024': ['Hidden', 1, 1], '30621': [' mysteries', 0, 1], '21815': [' unfold', 0, 1], '11352': [' beneath', 0, 2], '8454': [' silent', 1, 2], '21841': [' shadows', 0, 1], '9': [' of', 1, 8], '363': [' night', 0, 3], '396': [' without', 1, 1], '253': [' end', 1, 1], '4': ['.', 1, 20], '13721': ['Like', 0, 1], '10': [' a', 0, 5], '3783': [' memory', 1, 8], '5930': [' locked', 0, 1], '409': [' away', 1, 1], '639': [' behind', 0, 1], '3907': [' tree', 1, 1], '21946': [' trunk', 1, 1], '96': [' In', 0, 1], '5': [' the', 0, 14], '1844': [' deep', 0, 1], '2933': [' dark', 1, 1], '2011': [' Like', 1, 1], '856': [' f', 0, 2], '8939': ['ester', 1, 2], '154': ['ing', 0, 1], '223': [' under', 1, 2], '4084': [' surface', 0, 1], '41': [' an', 0, 1], '793': [' old', 0, 1], '53': [' but', 0, 4], '27041': [' poisoned', 1, 1], '157': [' well', 0, 1], '83': [' A', 1, 6], '38390': [' darkened', 0, 1], '30': [' by', 0, 5], '2199': [' disease', 1, 1], '11': [' in', 1, 2], '24757': [' ruins', 0, 1], '6': [',', 1, 6], '1856': [' threat', 0, 1], '17948': [' ruin', 1, 1], '14548': [' dim', 0, 1], '4567': ['med', 1, 1], '6950': [' moon', 0, 2], '6991': ['light', 1, 1], '3820': [' filled', 1, 1], '19': [' with', 1, 3], '4854': [' danger', 0, 1], '98': [' so', 0, 1], '22027': [' twisted', 0, 1], '49': [' their', 0, 1], '7658': [' fate', 0, 1], '32330': [' Unt', 1, 1], '6228': ['ended', 1, 1], '1890': [' Un', 1, 1], '605': ['w', 0, 1], '27407': ['atched', 0, 1], '1648': [' Even', 0, 1], '2508': [' wind', 0, 1], '274': [' F', 0, 1], '12146': ['illed', 0, 1], '910': [' r', 0, 1], '1879': ['iv', 0, 1], '7590': ['ule', 1, 1], '1872': ['ts', 1, 1], '1925': [' blood', 0, 1], '314': [' left', 1, 1], '7': [' to', 0, 6], '8': [' and', 0, 2], '1733': [' grow', 0, 1], '747': [' often', 1, 1], '11256': [' infected', 0, 1], '9099': [' shadow', 1, 1], '17': ['ÔøΩ', 1, 2], '27': ['ÔøΩ', 0, 2], '29': ['s', 0, 1], '17712': [' poison', 1, 1], '243': ['It', 1, 1], '21': [' was', 1, 1], '3518': [' supposed', 0, 1], '28': [' be', 0, 1], '1895': [' rain', 1, 1], '2978': [' Instead', 0, 1], '43279': [' blinding', 1, 1], '2130': [' storm', 0, 2], '1476': [' violence', 0, 1], '11229': [' transformed', 0, 1], '24': [' it', 1, 4], '88': [' into', 1, 1], '18544': [' insane', 0, 1], '7462': [' flash', 1, 1], '4666': [' lights', 1, 1], '14': [' that', 0, 3], '56': [' had', 0, 3], '57': [' been', 1, 2], '29475': [' haunting', 0, 1], '162': [' me', 1, 1], '70': [' all', 0, 1], '993': [' Some', 0, 1], '1654': [' forced', 0, 1], '3836': [' dance', 1, 1], '65': [' one', 1, 1], '277': [' another', 0, 1], '13972': [' arc', 1, 1], '938': [' wasn', 1, 1], '90': ['t', 1, 1], '454': [' until', 0, 1], '156': [' made', 1, 1], '63': [' its', 1, 1], '169': [' way', 1, 1], '299': [' top', 0, 1], '1929': [' floor', 0, 1], '51': [' they', 0, 1], '1410': [' moved', 0, 1], '972': [' meet', 1, 1], '616': [' While', 0, 1], '643': [' others', 1, 1], '3179': [' refused', 0, 1], '356': [' look', 1, 1], '1620': ['As', 1, 1], '38': [' I', 1, 4], '2075': [' ran', 1, 1], '1299': [' felt', 0, 2], '6574': [' burning', 1, 1], '909': [' black', 0, 1], '3369': [' sl', 1, 1], '14328': ['udge', 0, 1], '227': [' between', 0, 1], '127': [' my', 0, 1], '10802': [' fingers', 1, 1], '115': [' could', 1, 1], '33': [' have', 0, 1], '13503': [' laughed', 0, 1], '25': [' as', 0, 1], '14489': [' lightning', 0, 1], '16212': [' cracked', 1, 1], '31': [' from', 1, 1], '6360': [' sky', 1, 1], '101': [' like', 1, 1], '3187': [' broken', 1, 1], '4049': [' glass', 0, 1], '1386': [' instead', 1, 1], '129': [' only', 1, 2], '2490': [' fear', 0, 1], '18019': [' Fear', 0, 1], '29985': [' darkest', 0, 1], '12078': [' corners', 1, 1]}"
0,Flickering#lights#betray#the#truth#of#forgotten#dreams#midst#chaos,,"relapse scenery light dreams paradise flow flowcity life happiness sunshine drone never without downpour exposed crowned silk silklikewater silkphobia silkwool dragonflies silver

(scribbling)
‚Äì
07.29.17

Humans Are The Only Species With True Pets

Animals: Hiding Their Humanity In Bold Bold Text

Animals as a whole are pretty much nice, but humans are not. We‚Äôre not really caring, intelligent, or open minded. We think humans are great, but we‚Äôre not. We‚Äôre not even humble. We don‚Äôt even think we‚Äôre animals. We think we‚Äôre humans, with the same intelligence as a dolphin. That‚Äôs ridiculous.

Animals: I‚Äôm going to tell you how all animals were meant to be.

animals

So, the only way to really speak animal is to speak animal. Humans have evolved to give humans the ability to speak animals, but if we‚Äôre not actually able to, then we‚Äôre just animals, because animals don‚Äôt speak. Animals are meant to walk on two legs. Animals are meant to use tools. Animals are meant to dig. All animals are",False,-0.6178020632152155,0.0,0.7316470883721632,0.5,0,0,262,132,126,66,"{'5982': ['rel', 1, 1], '26053': ['apse', 0, 1], '26815': [' scenery', 1, 1], '1109': [' light', 1, 1], '7416': [' dreams', 1, 1], '26215': [' paradise', 0, 1], '3041': [' flow', 0, 2], '14853': ['city', 1, 1], '301': [' life', 1, 1], '11098': [' happiness', 1, 1], '15049': [' sunshine', 1, 1], '8678': [' drone', 1, 1], '393': [' never', 1, 1], '396': [' without', 1, 1], '159': [' down', 0, 1], '30534': ['pour', 0, 1], '4924': [' exposed', 1, 1], '19061': [' crowned', 0, 1], '22288': [' silk', 1, 4], '3341': ['like', 0, 1], '5412': ['water', 0, 1], '3792': ['ph', 0, 1], '33693': ['obia', 1, 1], '605': ['w', 0, 1], '8110': ['ool', 1, 1], '28021': [' dragon', 1, 1], '37085': ['flies', 1, 1], '4334': [' silver', 1, 1], '50118': ['\n', 0, 16], '1640': ['(', 0, 1], '34319': ['scrib', 0, 1], '12947': ['bling', 1, 1], '43': [')', 1, 1], '2383': ['‚Äì', 1, 1], '3570': ['07', 0, 1], '4': ['.', 1, 15], '2890': ['29', 1, 1], '1360': ['17', 0, 1], '40022': ['Hum', 1, 1], '1253': ['ans', 0, 1], '3945': [' Are', 1, 1], '20': [' The', 1, 1], '4041': [' Only', 1, 1], '33797': [' Species', 0, 1], '590': [' With', 0, 1], '7447': [' True', 0, 1], '33104': [' Pets', 0, 1], '46231': ['Anim', 1, 3], '1536': ['als', 1, 4], '35': [':', 1, 2], '289': [' H', 0, 1], '8231': ['iding', 0, 1], '2667': [' Their', 0, 1], '29383': [' Humanity', 0, 1], '96': [' In', 0, 1], '20837': [' Bold', 0, 2], '14159': [' Text', 1, 1], '25': [' as', 0, 2], '10': [' a', 0, 2], '1086': [' whole', 0, 1], '32': [' are', 1, 7], '1256': [' pretty', 0, 1], '203': [' much', 1, 1], '2579': [' nice', 1, 1], '6': [',', 1, 9], '53': [' but', 0, 3], '5868': [' humans', 1, 4], '45': [' not', 0, 5], '166': [' We', 1, 5], '17': ['ÔøΩ', 1, 11], '27': ['ÔøΩ', 0, 11], '241': ['re', 0, 7], '269': [' really', 1, 2], '10837': [' caring', 1, 1], '12038': [' intelligent', 1, 1], '50': [' or', 1, 1], '490': [' open', 0, 1], '32945': [' minded', 1, 1], '206': [' think', 1, 3], '372': [' great', 0, 1], '52': [' we', 0, 5], '190': [' even', 1, 2], '14083': [' humble', 1, 1], '218': [' don', 1, 2], '90': ['t', 1, 2], '3122': [' animals', 0, 6], '19': [' with', 1, 1], '5': [' the', 0, 3], '276': [' same', 1, 1], '2316': [' intelligence', 0, 1], '38780': [' dolphin', 0, 1], '280': [' That', 1, 1], '29': ['s', 0, 1], '10861': [' ridiculous', 1, 1], '38': [' I', 1, 1], '119': ['m', 1, 1], '164': [' going', 1, 1], '7': [' to', 0, 10], '1137': [' tell', 1, 1], '47': [' you', 0, 1], '141': [' how', 0, 1], '70': [' all', 0, 1], '58': [' were', 1, 1], '2425': [' meant', 0, 4], '28': [' be', 0, 1], '25042': ['anim', 1, 1], '2847': ['So', 0, 1], '129': [' only', 1, 1], '169': [' way', 1, 1], '1994': [' speak', 0, 4], '3477': [' animal', 0, 2], '16': [' is', 1, 1], '35424': [' Humans', 0, 1], '33': [' have', 0, 1], '12236': [' evolved', 0, 1], '492': [' give', 0, 1], '1460': [' ability', 1, 1], '114': [' if', 1, 1], '888': [' actually', 0, 1], '441': [' able', 0, 1], '172': [' then', 0, 1], '95': [' just', 1, 1], '142': [' because', 0, 1], '24709': [' Animals', 0, 3], '1656': [' walk', 0, 1], '15': [' on', 0, 1], '80': [' two', 0, 1], '5856': [' legs', 0, 1], '304': [' use', 1, 1], '3270': [' tools', 0, 1], '8512': [' dig', 0, 1], '404': [' All', 1, 1]}"
0,Lonely$whispers$carry$ancient$secrets$beyond$the$edge$of$time,,"
 C91283 is pretty close",True,-2.1213203435596424,-2.1213203435596424,0.9830525732376554,0.9830525732376554,0,0,8,8,1,1,"{'50118': ['\n', 0, 1], '230': [' C', 0, 1], '466': ['9', 0, 1], '1092': ['12', 0, 1], '6361': ['83', 0, 1], '16': [' is', 1, 1], '1256': [' pretty', 0, 1], '593': [' close', 0, 1]}"
0,Midnight%echoes%weave%tales%of%lost%souls%beyond%the%mystic,," universe

The Ever-Thirsty Drowning,The Divine Desire of Swallowed by the Wind, and Shadows of the Moon by the Spirit are a series of ebooks containing a plethora of information. The ongoing series began with just The Ever-Thirsty Drowning and the ongoing Strangey Path will be dealing with Shadows of the Moon in the second half of the year. All of the information can be downloaded from the side-tab of this blog page, or with the link mentioned on the pages of the ""The Deep, Dark, and Wicked!"" and ""Cursed Tree"" series.

The entry for the ""Cursed Tree"" series ends with that of the fifth of the four ebooks, The Well-Wounded Moon, which contains the search that the protagonist, Edward Toldo, must undertake in order to prevent a re-unification of the world which is heading towards war. As he sets off to get the dagger that is said to be stolen by the servant of the godess of the Ancient Woods, his quest seems rather mundane, but further investigation into the priests involved in the theft reveals a significant darkness in the city of Armeeae, and a whole heap of crazy characters that are trying to bring about the downfall of the world that must be awakened from its slumber. The first three books in the series are only available for purchase on Amazon.com and Barnes and Noble (where ""Cursed Tree"" also",False,1.7378533390904767,2.068448938856898,0.04111832964771959,0.019298913681450577,0,0,298,158,164,92,"{'9468': [' universe', 1, 1], '50118': ['\n', 0, 4], '133': ['The', 0, 4], '7989': [' Ever', 0, 2], '12': ['-', 1, 5], '11329': ['Th', 1, 2], '17698': ['irst', 1, 2], '219': ['y', 1, 3], '211': [' D', 0, 2], '19649': ['rown', 0, 2], '154': ['ing', 0, 2], '6': [',', 1, 12], '35970': [' Divine', 1, 1], '34259': [' Desire', 0, 1], '9': [' of', 1, 17], '3323': [' Sw', 1, 1], '34742': ['allowed', 0, 1], '30': [' by', 0, 3], '5': [' the', 0, 28], '7247': [' Wind', 0, 1], '8': [' and', 0, 7], '41482': [' Shadows', 1, 2], '5648': [' Moon', 0, 3], '11758': [' Spirit', 0, 1], '32': [' are', 1, 3], '10': [' a', 0, 5], '651': [' series', 1, 5], '364': [' e', 1, 2], '17788': ['books', 1, 2], '8200': [' containing', 0, 1], '25621': [' plethora', 1, 1], '335': [' information', 1, 2], '4': ['.', 1, 6], '20': [' The', 1, 4], '2256': [' ongoing', 1, 2], '880': [' began', 1, 1], '19': [' with', 1, 4], '95': [' just', 1, 1], '18680': [' Strange', 1, 1], '16234': [' Path', 0, 1], '40': [' will', 1, 1], '28': [' be', 0, 4], '4098': [' dealing', 1, 1], '11': [' in', 1, 5], '200': [' second', 1, 1], '457': [' half', 0, 1], '76': [' year', 1, 1], '404': [' All', 1, 1], '64': [' can', 0, 1], '20957': [' downloaded', 0, 1], '31': [' from', 1, 2], '526': [' side', 1, 1], '34108': ['tab', 0, 1], '42': [' this', 1, 1], '5059': [' blog', 0, 1], '1842': [' page', 0, 1], '50': [' or', 1, 1], '3104': [' link', 0, 1], '2801': [' mentioned', 1, 1], '15': [' on', 0, 2], '6052': [' pages', 0, 1], '22': [' ""', 1, 4], '8248': [' Deep', 1, 1], '10524': [' Dark', 1, 1], '39098': [' Wicked', 0, 1], '2901': ['!""', 1, 1], '347': ['C', 1, 3], '24417': ['ursed', 0, 3], '11077': [' Tree', 0, 3], '113': ['""', 1, 3], '3555': [' entry', 1, 1], '13': [' for', 0, 2], '3587': [' ends', 1, 1], '14': [' that', 0, 5], '1998': [' fifth', 1, 1], '237': [' four', 0, 1], '2647': [' Well', 1, 1], '771': ['W', 1, 1], '9968': ['ounded', 0, 1], '61': [' which', 1, 2], '6308': [' contains', 0, 1], '1707': [' search', 0, 1], '24587': [' protagonist', 1, 1], '7393': [' Edward', 1, 1], '255': [' T', 1, 1], '279': ['old', 1, 1], '139': ['o', 1, 1], '531': [' must', 0, 2], '15802': [' undertake', 0, 1], '645': [' order', 1, 1], '7': [' to', 0, 4], '2097': [' prevent', 0, 1], '769': [' re', 1, 1], '879': ['un', 0, 1], '5000': ['ification', 0, 1], '232': [' world', 1, 2], '16': [' is', 1, 2], '3393': [' heading', 1, 1], '1567': [' towards', 1, 1], '997': [' war', 1, 1], '287': [' As', 1, 1], '37': [' he', 1, 1], '3880': [' sets', 0, 1], '160': [' off', 1, 1], '120': [' get', 1, 1], '42013': [' dagger', 1, 1], '26': [' said', 1, 1], '3579': [' stolen', 0, 1], '20667': [' servant', 0, 1], '9069': [' god', 1, 1], '3361': ['ess', 0, 1], '34515': [' Ancient', 1, 1], '5227': [' Woods', 0, 1], '39': [' his', 1, 1], '9794': [' quest', 0, 1], '1302': [' seems', 1, 1], '1195': [' rather', 1, 1], '31215': [' mundane', 1, 1], '53': [' but', 0, 1], '617': [' further', 1, 1], '803': [' investigation', 0, 1], '88': [' into', 1, 1], '15843': [' priests', 0, 1], '963': [' involved', 1, 1], '5751': [' theft', 0, 1], '7441': [' reveals', 1, 1], '1233': [' significant', 1, 1], '15073': [' darkness', 0, 1], '343': [' city', 1, 1], '1586': [' Ar', 0, 1], '1794': ['me', 0, 1], '242': ['e', 1, 1], '4791': ['ae', 1, 1], '1086': [' whole', 0, 1], '31348': [' heap', 0, 1], '5373': [' crazy', 1, 1], '3768': [' characters', 1, 1], '667': [' trying', 0, 1], '836': [' bring', 0, 1], '59': [' about', 0, 1], '27849': [' downfall', 1, 1], '40593': [' awakened', 0, 1], '63': [' its', 1, 1], '3369': [' sl', 1, 1], '9936': ['umber', 0, 1], '78': [' first', 1, 1], '130': [' three', 0, 1], '2799': [' books', 0, 1], '129': [' only', 1, 1], '577': [' available', 1, 1], '2229': [' purchase', 1, 1], '1645': [' Amazon', 0, 1], '175': ['com', 1, 1], '10164': [' Barnes', 0, 1], '14068': [' Noble', 1, 1], '36': [' (', 1, 1], '8569': ['where', 1, 1], '67': [' also', 1, 1]}"
0,Faded^memories^linger^like^shadows^across^the^canvas^of^time,,".
That last one will haunt me for a long time.",True,0.2773500981126146,0.0,0.39075564749935665,0.5,0,0,13,12,7,6,"{'4': ['.', 1, 2], '50118': ['\n', 0, 1], '1711': ['That', 0, 1], '94': [' last', 0, 1], '65': [' one', 1, 1], '40': [' will', 1, 1], '28297': [' haunt', 1, 1], '162': [' me', 1, 1], '13': [' for', 0, 1], '10': [' a', 0, 1], '251': [' long', 0, 1], '86': [' time', 1, 1]}"
0,Crumbled&visions&spark&rebirth&in&the&abyss&of&silent&hope,,soul light plains of life covenant stardust soul of nighfall ship all veils avatars sof fear of rightforeast stars knowing atron despair none of folding andfirst-mould second-mould childhood worlds spaces beings exposed inhuman haunted influenced never-told others present past and‚Äìlooking-on death half-dreaming over to through from with ing coming forth with becoming drifting time gravitation spinning non-materials passing refining devouring pre-singularity post-singularity forever one-hundred-year-goes-by hundred days million years go by and is now destiny real-world familiarity feelings happy-feeling horrible-feeling tears on nights ups/day evenings times/calendar quarterly/semester yearly/century ten million year goes by one billion year goes by A,True,1.4791479939068937,0.26413527189768715,0.06955038272003208,0.39583784283282497,0,0,165,129,92,66,"{'29': ['s', 0, 2], '5156': ['oul', 0, 1], '1109': [' light', 1, 1], '35512': [' plains', 1, 1], '9': [' of', 1, 4], '301': [' life', 1, 1], '35590': [' covenant', 0, 1], '1690': [' st', 1, 1], '1120': ['ard', 1, 1], '4193': ['ust', 1, 1], '7047': [' soul', 0, 1], '295': [' n', 1, 1], '8774': ['igh', 1, 1], '7349': ['fall', 1, 1], '3627': [' ship', 1, 1], '70': [' all', 0, 1], '5030': [' ve', 0, 1], '5290': ['ils', 1, 1], '6402': [' av', 1, 1], '40487': ['atars', 0, 1], '98': [' so', 0, 1], '506': ['f', 0, 1], '2490': [' fear', 0, 1], '235': [' right', 0, 1], '13364': ['fore', 1, 1], '1988': ['ast', 0, 1], '2690': [' stars', 0, 1], '4730': [' knowing', 1, 1], '23': [' at', 0, 1], '2839': ['ron', 1, 1], '21508': [' despair', 1, 1], '4146': [' none', 0, 1], '29556': [' folding', 1, 1], '8': [' and', 0, 3], '9502': ['first', 1, 1], '12': ['-', 1, 15], '119': ['m', 1, 2], '25513': ['ould', 0, 2], '200': [' second', 1, 1], '6585': [' childhood', 0, 1], '14490': [' worlds', 1, 1], '5938': [' spaces', 0, 1], '14766': [' beings', 1, 1], '4924': [' exposed', 1, 1], '37576': [' inhuman', 1, 1], '22717': [' haunted', 0, 1], '11359': [' influenced', 0, 1], '393': [' never', 1, 1], '41042': ['told', 0, 1], '643': [' others', 1, 1], '1455': [' present', 0, 1], '375': [' past', 0, 1], '2383': ['‚Äì', 1, 1], '3690': ['looking', 0, 1], '261': ['on', 1, 1], '744': [' death', 1, 1], '457': [' half', 0, 1], '24009': ['dream', 0, 1], '154': ['ing', 0, 1], '81': [' over', 0, 1], '7': [' to', 0, 1], '149': [' through', 0, 1], '31': [' from', 1, 1], '19': [' with', 1, 2], '21691': [' ing', 1, 1], '567': [' coming', 0, 1], '7264': [' forth', 0, 1], '1959': [' becoming', 0, 1], '29392': [' drifting', 1, 1], '86': [' time', 1, 1], '20969': [' grav', 0, 1], '12257': ['itation', 0, 1], '17653': [' spinning', 1, 1], '786': [' non', 0, 1], '36739': ['material', 1, 1], '3133': [' passing', 0, 1], '19218': [' refining', 0, 1], '8709': [' dev', 0, 1], '15794': ['ouring', 1, 1], '1198': [' pre', 1, 1], '26058': ['sing', 0, 2], '42664': ['ularity', 1, 2], '618': [' post', 1, 1], '6000': [' forever', 1, 1], '65': [' one', 1, 2], '298': ['h', 1, 1], '38750': ['undred', 0, 1], '180': ['year', 0, 1], '2977': ['go', 1, 1], '293': ['es', 0, 1], '1409': ['by', 1, 1], '6317': [' hundred', 1, 1], '360': [' days', 1, 1], '153': [' million', 0, 2], '107': [' years', 0, 1], '213': [' go', 1, 1], '30': [' by', 0, 3], '16': [' is', 1, 1], '122': [' now', 0, 1], '22660': [' destiny', 0, 1], '588': [' real', 0, 1], '8331': ['world', 1, 1], '30234': [' familiarity', 1, 1], '6453': [' feelings', 1, 1], '1372': [' happy', 1, 1], '7068': ['fe', 0, 2], '10244': ['eling', 0, 2], '11385': [' horrible', 0, 1], '6941': [' tears', 0, 1], '15': [' on', 0, 1], '7011': [' nights', 1, 1], '12744': [' ups', 0, 1], '73': ['/', 1, 4], '1208': ['day', 0, 1], '23621': [' evenings', 0, 1], '498': [' times', 1, 1], '11762': ['cal', 0, 1], '29702': ['endar', 1, 1], '3472': [' quarterly', 1, 1], '1090': ['se', 0, 1], '12579': ['mes', 1, 1], '1334': ['ter', 0, 1], '16392': [' yearly', 0, 1], '11046': ['century', 0, 1], '2724': [' ten', 1, 1], '76': [' year', 1, 2], '1411': [' goes', 1, 2], '325': [' billion', 1, 1], '83': [' A', 1, 1]}"
0,Mystic:dreams:unravel:hidden:secrets:beneath:ancient:skies,,"

New UU Mystic request 

@stormymacz @gismartsequinick @Owoutohlyn @cothracak #

Played in  Shadow

The ‚ÄúNipple‚Äù is a source of 3 Psychic powers 

Foresight  the ability to see a possible outcome before it actually occurs

Pretend to be psychic  the ability to instantly perceive a position and a few mental details (like an opponent‚Äôs next move)

Teleportation  the ability to instantly travel anywhere, where you wish

and some of your words 

(The ‚Äúbeneath‚Äù attribute is to limit usage, not be a poor man‚Äôs Mind War, this is just to mitigate the forced acrobatics and any uncanny magic that might ensue from stealing random things and crossing invisible edges at precise moment to hit non-conscious players.)

Pleasurable: an expression of excitement or pleasure

The mission 

The lands beneath Mystic:dreams:unravel:hidden:secrets:beneath:ancient:skies are a hostile, unforgiving place. Enormous boulders jut out of the ground, sending misty lines into the air, and many of the rocks have magical runes carved into their side. Some creatures move silently through the rocks, out of the way of players. Some see you as prey,",False,-1.0392304845413263,-0.14433756729740646,0.8506512220025149,0.5573830427633992,0,0,300,192,141,95,"{'50118': ['\n', 0, 24], '4030': ['New', 1, 1], '121': [' U', 0, 1], '791': ['U', 1, 1], '42929': [' Mystic', 0, 2], '2069': [' request', 0, 1], '1437': [' ', 1, 8], '1039': ['@', 0, 1], '10868': ['storm', 0, 1], '8307': ['ym', 0, 1], '1043': ['ac', 0, 1], '329': ['z', 0, 1], '787': [' @', 1, 3], '571': ['g', 0, 1], '1809': ['ism', 0, 1], '2013': ['art', 0, 1], '33430': ['sequ', 0, 1], '179': ['in', 1, 1], '1758': ['ick', 1, 1], '673': ['O', 0, 1], '605': ['w', 0, 1], '995': ['out', 0, 1], '2678': ['oh', 0, 1], '7436': ['lyn', 0, 1], '438': ['c', 1, 1], '6157': ['oth', 1, 1], '13249': ['rac', 1, 1], '677': ['ak', 1, 1], '849': [' #', 1, 1], '20780': ['Play', 0, 1], '196': ['ed', 0, 1], '11': [' in', 1, 1], '19194': [' Shadow', 1, 1], '133': ['The', 0, 4], '44': [' ÔøΩ', 0, 2], '48': ['ÔøΩ', 0, 2], '487': ['N', 0, 1], '37629': ['ipple', 1, 1], '17': ['ÔøΩ', 1, 4], '46': ['ÔøΩ', 1, 2], '16': [' is', 1, 3], '10': [' a', 0, 6], '1300': [' source', 0, 1], '9': [' of', 1, 7], '155': [' 3', 1, 1], '47151': [' Psychic', 1, 1], '4361': [' powers', 1, 1], '597': ['F', 1, 1], '4765': ['ores', 0, 1], '5971': ['ight', 1, 1], '5': [' the', 0, 9], '1460': [' ability', 1, 3], '7': [' to', 0, 7], '192': [' see', 0, 2], '678': [' possible', 1, 1], '4258': [' outcome', 0, 1], '137': [' before', 1, 1], '24': [' it', 1, 1], '888': [' actually', 0, 1], '11493': [' occurs', 1, 1], '510': ['P', 0, 2], '4903': ['ret', 1, 1], '1397': ['end', 0, 1], '28': [' be', 0, 2], '39297': [' psychic', 1, 1], '11764': [' instantly', 1, 2], '25762': [' perceive', 0, 1], '737': [' position', 0, 1], '8': [' and', 0, 4], '367': [' few', 1, 1], '2536': [' mental', 1, 1], '1254': [' details', 1, 1], '36': [' (', 1, 1], '3341': ['like', 0, 1], '41': [' an', 0, 2], '5254': [' opponent', 1, 1], '27': ['ÔøΩ', 0, 2], '29': ['s', 0, 3], '220': [' next', 1, 1], '517': [' move', 1, 2], '43': [')', 1, 1], '41854': ['Tele', 1, 1], '41067': ['portation', 0, 1], '1504': [' travel', 0, 1], '4558': [' anywhere', 0, 1], '6': [',', 1, 8], '147': [' where', 1, 1], '47': [' you', 0, 2], '2813': [' wish', 0, 1], '463': ['and', 1, 1], '103': [' some', 0, 1], '110': [' your', 0, 1], '1617': [' words', 0, 1], '1640': ['(', 0, 1], '428': ['b', 1, 2], '2552': ['ene', 1, 2], '2681': ['ath', 1, 2], '21643': [' attribute', 1, 1], '3000': [' limit', 1, 1], '9453': [' usage', 1, 1], '45': [' not', 0, 1], '2129': [' poor', 0, 1], '313': [' man', 0, 1], '9201': [' Mind', 0, 1], '1771': [' War', 1, 1], '42': [' this', 1, 1], '95': [' just', 1, 1], '15292': [' mitigate', 0, 1], '1654': [' forced', 0, 1], '4285': [' ac', 0, 1], '41610': ['robat', 0, 1], '2857': ['ics', 1, 1], '143': [' any', 1, 1], '37030': [' uncanny', 0, 1], '8375': [' magic', 0, 1], '14': [' that', 0, 1], '429': [' might', 0, 1], '23974': [' ens', 1, 1], '1780': ['ue', 1, 1], '31': [' from', 1, 1], '9460': [' stealing', 0, 1], '9624': [' random', 1, 1], '383': [' things', 1, 1], '6724': [' crossing', 0, 1], '20731': [' invisible', 1, 1], '15716': [' edges', 1, 1], '23': [' at', 0, 1], '12548': [' precise', 0, 1], '1151': [' moment', 1, 1], '478': [' hit', 1, 1], '786': [' non', 0, 1], '12': ['-', 1, 1], '22035': ['conscious', 0, 1], '472': [' players', 0, 2], '1592': ['.)', 0, 1], '459': ['le', 1, 1], '281': ['as', 0, 1], '24517': ['urable', 0, 1], '35': [':', 1, 8], '8151': [' expression', 1, 1], '8354': [' excitement', 1, 1], '50': [' or', 1, 1], '10483': [' pleasure', 1, 1], '2511': [' mission', 0, 1], '8952': [' lands', 0, 1], '11352': [' beneath', 0, 1], '24009': ['dream', 0, 1], '879': ['un', 0, 1], '44134': ['ravel', 0, 1], '37392': ['hidden', 1, 1], '8584': ['sec', 1, 1], '33064': ['rets', 1, 1], '260': ['an', 1, 1], '29318': ['cient', 1, 1], '7771': ['sk', 0, 1], '918': ['ies', 1, 1], '32': [' are', 1, 1], '11928': [' hostile', 0, 1], '34262': [' unfor', 0, 1], '18116': ['giving', 0, 1], '317': [' place', 1, 1], '4': ['.', 1, 3], '2271': [' En', 0, 1], '8693': ['orm', 1, 1], '1827': ['ous', 0, 1], '38782': [' bould', 1, 1], '268': ['ers', 0, 1], '1236': [' j', 1, 1], '1182': ['ut', 1, 1], '66': [' out', 0, 2], '1255': [' ground', 0, 1], '3981': [' sending', 1, 1], '12241': [' mist', 0, 1], '219': ['y', 1, 1], '2301': [' lines', 0, 1], '88': [' into', 1, 2], '935': [' air', 1, 1], '171': [' many', 1, 1], '10889': [' rocks', 1, 2], '33': [' have', 0, 1], '13867': [' magical', 1, 1], '48622': [' runes', 1, 1], '20209': [' carved', 0, 1], '49': [' their', 0, 1], '526': [' side', 1, 1], '993': [' Some', 0, 2], '15916': [' creatures', 1, 1], '32412': [' silently', 1, 1], '149': [' through', 0, 1], '169': [' way', 1, 1], '25': [' as', 0, 1], '18644': [' prey', 0, 1]}"
0,Eternal;echoes;sing;of;forgotten;legends;in;midnight;silence,," and fire of the sky.

Solutions may prove to be painful and discouraging. Be gentle and slow with yourself. You have to let go. Don't try to push or force yourself. Give yourself permission to go. And when you've gone, put yourself back where you left off, and get started again.

This is the only place on earth where if you don't like something about yourself, you can be 100% honest with yourself about it, and not worry about whether you're ""supposed"" to like it, or how you're supposed to act, or where your life is supposed to go.

If you've become attached to yourself over the years, you may want to take the opportunity to let yourself grow more and more without that attachment.

* * *

There are some people out there who will put their own version of you to the test, like a test. The test's a good way to get to know yourself, and it can help to establish healthy boundaries around the relationship. However, it can also lead you to make an unhealthy commitment to someone who's not worthy of that commitment, who will then pull you down.

I did that, for a while.

And I was in a relationship for about 4 years. I got a great job in the same town, and had great relationships with family and friends, and I got engaged to a wonderful guy who I really loved.",False,-1.5720007762968715,0.24576957615571215,0.9420248144092408,0.4029303047603635,0,0,295,149,134,76,"{'8': [' and', 0, 10], '668': [' fire', 1, 1], '9': [' of', 1, 3], '5': [' the', 0, 7], '6360': [' sky', 1, 1], '4': ['.', 1, 15], '50118': ['\n', 0, 14], '104': ['S', 1, 1], '30445': ['olutions', 1, 1], '189': [' may', 1, 2], '3364': [' prove', 1, 1], '7': [' to', 0, 17], '28': [' be', 0, 2], '8661': [' painful', 0, 1], '33408': [' discouraging', 1, 1], '1456': [' Be', 0, 1], '16634': [' gentle', 1, 1], '2635': [' slow', 1, 1], '19': [' with', 1, 3], '2512': [' yourself', 0, 9], '370': [' You', 0, 1], '33': [' have', 0, 1], '905': [' let', 1, 2], '213': [' go', 1, 3], '1599': [' Don', 0, 1], '75': [""'t"", 0, 2], '860': [' try', 1, 1], '1920': [' push', 1, 1], '50': [' or', 1, 3], '1370': [' force', 1, 1], '12192': [' Give', 0, 1], '5537': [' permission', 0, 1], '178': [' And', 0, 1], '77': [' when', 1, 1], '47': [' you', 0, 11], '348': [""'ve"", 1, 2], '1613': [' gone', 0, 1], '6': [',', 1, 14], '342': [' put', 1, 2], '124': [' back', 1, 1], '147': [' where', 1, 3], '314': [' left', 1, 1], '160': [' off', 1, 1], '120': [' get', 1, 2], '554': [' started', 0, 1], '456': [' again', 0, 1], '713': ['This', 0, 1], '16': [' is', 1, 2], '129': [' only', 1, 1], '317': [' place', 1, 1], '15': [' on', 0, 1], '6872': [' earth', 0, 1], '114': [' if', 1, 1], '218': [' don', 1, 1], '101': [' like', 1, 3], '402': [' something', 1, 1], '59': [' about', 0, 4], '64': [' can', 0, 3], '727': [' 100', 1, 1], '207': ['%', 1, 1], '5322': [' honest', 0, 1], '24': [' it', 1, 4], '45': [' not', 0, 2], '4022': [' worry', 0, 1], '549': [' whether', 1, 1], '214': [""'re"", 0, 2], '22': [' ""', 1, 1], '16714': ['supp', 1, 1], '7878': ['osed', 0, 1], '113': ['""', 1, 1], '141': [' how', 0, 1], '3518': [' supposed', 0, 2], '1760': [' act', 0, 1], '110': [' your', 0, 1], '301': [' life', 1, 1], '1106': ['If', 0, 1], '555': [' become', 0, 1], '7391': [' attached', 0, 1], '81': [' over', 0, 1], '107': [' years', 0, 2], '236': [' want', 1, 1], '185': [' take', 0, 1], '945': [' opportunity', 0, 1], '1733': [' grow', 0, 1], '55': [' more', 1, 2], '396': [' without', 1, 1], '14': [' that', 0, 3], '26350': [' attachment', 0, 1], '3226': ['*', 1, 1], '1009': [' *', 0, 2], '970': ['There', 0, 1], '32': [' are', 1, 1], '103': [' some', 0, 1], '82': [' people', 1, 1], '66': [' out', 0, 1], '89': [' there', 0, 1], '54': [' who', 0, 4], '40': [' will', 1, 2], '49': [' their', 0, 1], '308': [' own', 1, 1], '1732': [' version', 0, 1], '1296': [' test', 1, 3], '10': [' a', 0, 6], '20': [' The', 1, 1], '18': [""'s"", 0, 2], '205': [' good', 0, 1], '169': [' way', 1, 1], '216': [' know', 0, 1], '244': [' help', 1, 1], '5242': [' establish', 0, 1], '2245': [' healthy', 0, 1], '10156': [' boundaries', 1, 1], '198': [' around', 1, 1], '1291': [' relationship', 1, 2], '635': [' However', 0, 1], '67': [' also', 1, 1], '483': [' lead', 0, 1], '146': [' make', 0, 1], '41': [' an', 0, 1], '21250': [' unhealthy', 1, 1], '2720': [' commitment', 1, 2], '951': [' someone', 1, 1], '11314': [' worthy', 1, 1], '172': [' then', 0, 1], '2999': [' pull', 0, 1], '159': [' down', 0, 1], '100': ['I', 1, 1], '222': [' did', 1, 1], '13': [' for', 0, 2], '150': [' while', 1, 1], '2409': ['And', 1, 1], '38': [' I', 1, 4], '21': [' was', 1, 1], '11': [' in', 1, 2], '204': [' 4', 0, 1], '300': [' got', 0, 2], '372': [' great', 0, 2], '633': [' job', 1, 1], '276': [' same', 1, 1], '1139': [' town', 1, 1], '56': [' had', 0, 1], '4158': [' relationships', 1, 1], '284': [' family', 0, 1], '964': [' friends', 0, 1], '4009': [' engaged', 1, 1], '4613': [' wonderful', 0, 1], '2173': [' guy', 0, 1], '269': [' really', 1, 1], '2638': [' loved', 1, 1]}"
